LOCATION,Country,TIME,Time,PowerCode,Reference.Period.Code,Reference.Period,Value,time
CHL,Chile,2015-01,Jan-2015,Units,2015_100,2015=100,97.58028,2015-01-01
CHL,Chile,2015-02,Feb-2015,Units,2015_100,2015=100,97.92894,2015-02-01
CHL,Chile,2015-03,Mar-2015,Units,2015_100,2015=100,98.53909,2015-03-01
CHL,Chile,2015-04,Apr-2015,Units,2015_100,2015=100,99.11655,2015-04-01
CHL,Chile,2015-05,May-2015,Units,2015_100,2015=100,99.29089,2015-05-01
CHL,Chile,2015-06,Jun-2015,Units,2015_100,2015=100,99.77029,2015-06-01
CHL,Chile,2015-07,Jul-2015,Units,2015_100,2015=100,100.1843,2015-07-01
CHL,Chile,2015-08,Aug-2015,Units,2015_100,2015=100,100.8707,2015-08-01
CHL,Chile,2015-09,Sep-2015,Units,2015_100,2015=100,101.3828,2015-09-01
CHL,Chile,2015-10,Oct-2015,Units,2015_100,2015=100,101.7969,2015-10-01
CHL,Chile,2015-11,Nov-2015,Units,2015_100,2015=100,101.7642,2015-11-01
CHL,Chile,2015-12,Dec-2015,Units,2015_100,2015=100,101.7751,2015-12-01
CHL,Chile,2016-01,Jan-2016,Units,2015_100,2015=100,102.2545,2016-01-01
CHL,Chile,2016-02,Feb-2016,Units,2015_100,2015=100,102.5378,2016-02-01
CHL,Chile,2016-03,Mar-2016,Units,2015_100,2015=100,102.93,2016-03-01
CHL,Chile,2016-04,Apr-2016,Units,2015_100,2015=100,103.2677,2016-04-01
CHL,Chile,2016-05,May-2016,Units,2015_100,2015=100,103.4966,2016-05-01
CHL,Chile,2016-06,Jun-2016,Units,2015_100,2015=100,103.9651,2016-06-01
CHL,Chile,2016-07,Jul-2016,Units,2015_100,2015=100,104.2157,2016-07-01
CHL,Chile,2016-08,Aug-2016,Units,2015_100,2015=100,104.2701,2016-08-01
CHL,Chile,2016-09,Sep-2016,Units,2015_100,2015=100,104.5207,2016-09-01
CHL,Chile,2016-10,Oct-2016,Units,2015_100,2015=100,104.6951,2016-10-01
CHL,Chile,2016-11,Nov-2016,Units,2015_100,2015=100,104.7495,2016-11-01
CHL,Chile,2016-12,Dec-2016,Units,2015_100,2015=100,104.5316,2016-12-01
CHL,Chile,2017-01,Jan-2017,Units,2015_100,2015=100,105.0982,2017-01-01
CHL,Chile,2017-02,Feb-2017,Units,2015_100,2015=100,105.3488,2017-02-01
CHL,Chile,2017-03,Mar-2017,Units,2015_100,2015=100,105.7519,2017-03-01
CHL,Chile,2017-04,Apr-2017,Units,2015_100,2015=100,106.0134,2017-04-01
CHL,Chile,2017-05,May-2017,Units,2015_100,2015=100,106.1442,2017-05-01
CHL,Chile,2017-06,Jun-2017,Units,2015_100,2015=100,105.7301,2017-06-01
CHL,Chile,2017-07,Jul-2017,Units,2015_100,2015=100,105.9807,2017-07-01
CHL,Chile,2017-08,Aug-2017,Units,2015_100,2015=100,106.1986,2017-08-01
CHL,Chile,2017-09,Sep-2017,Units,2015_100,2015=100,106.0352,2017-09-01
CHL,Chile,2017-10,Oct-2017,Units,2015_100,2015=100,106.6563,2017-10-01
CHL,Chile,2017-11,Nov-2017,Units,2015_100,2015=100,106.7543,2017-11-01
CHL,Chile,2017-12,Dec-2017,Units,2015_100,2015=100,106.9069,2017-12-01
CHL,Chile,2018-01,Jan-2018,Units,2015_100,2015=100,107.3971,2018-01-01
CHL,Chile,2018-02,Feb-2018,Units,2015_100,2015=100,107.4516,2018-02-01
CHL,Chile,2018-03,Mar-2018,Units,2015_100,2015=100,107.6695,2018-03-01
CHL,Chile,2018-04,Apr-2018,Units,2015_100,2015=100,108.0073,2018-04-01
CHL,Chile,2018-05,May-2018,Units,2015_100,2015=100,108.3124,2018-05-01
CHL,Chile,2018-06,Jun-2018,Units,2015_100,2015=100,108.4213,2018-06-01
CHL,Chile,2018-07,Jul-2018,Units,2015_100,2015=100,108.8027,2018-07-01
CHL,Chile,2018-08,Aug-2018,Units,2015_100,2015=100,108.9988,2018-08-01
CHL,Chile,2018-09,Sep-2018,Units,2015_100,2015=100,109.3692,2018-09-01
CHL,Chile,2018-10,Oct-2018,Units,2015_100,2015=100,109.7615,2018-10-01
CHL,Chile,2018-11,Nov-2018,Units,2015_100,2015=100,109.7615,2018-11-01
CHL,Chile,2018-12,Dec-2018,Units,2015_100,2015=100,109.6525,2018-12-01
CHL,Chile,2019-01,Jan-2019,Units,2015_100,2015=100,109.7724,2019-01-01
CHL,Chile,2019-02,Feb-2019,Units,2015_100,2015=100,109.816,2019-02-01
CHL,Chile,2019-03,Mar-2019,Units,2015_100,2015=100,110.3389,2019-03-01
CHL,Chile,2019-04,Apr-2019,Units,2015_100,2015=100,110.6331,2019-04-01
CHL,Chile,2019-05,May-2019,Units,2015_100,2015=100,111.2977,2019-05-01
CHL,Chile,2019-06,Jun-2019,Units,2015_100,2015=100,111.3522,2019-06-01
CHL,Chile,2019-07,Jul-2019,Units,2015_100,2015=100,111.6028,2019-07-01
CHL,Chile,2019-08,Aug-2019,Units,2015_100,2015=100,111.8098,2019-08-01
CHL,Chile,2019-09,Sep-2019,Units,2015_100,2015=100,111.8207,2019-09-01
CHL,Chile,2019-10,Oct-2019,Units,2015_100,2015=100,112.736,2019-10-01
CHL,Chile,2019-11,Nov-2019,Units,2015_100,2015=100,112.8231,2019-11-01
CHL,Chile,2019-12,Dec-2019,Units,2015_100,2015=100,112.943,2019-12-01
CHL,Chile,2020-01,Jan-2020,Units,2015_100,2015=100,113.5749,2020-01-01
CHL,Chile,2020-02,Feb-2020,Units,2015_100,2015=100,114.087,2020-02-01
CHL,Chile,2020-03,Mar-2020,Units,2015_100,2015=100,114.4683,2020-03-01
CHL,Chile,2020-04,Apr-2020,Units,2015_100,2015=100,114.4139,2020-04-01
CHL,Chile,2020-05,May-2020,Units,2015_100,2015=100,114.3594,2020-05-01
CHL,Chile,2020-06,Jun-2020,Units,2015_100,2015=100,114.2831,2020-06-01
CHL,Chile,2020-07,Jul-2020,Units,2015_100,2015=100,114.3921,2020-07-01
CHL,Chile,2020-08,Aug-2020,Units,2015_100,2015=100,114.5446,2020-08-01
CHL,Chile,2020-09,Sep-2020,Units,2015_100,2015=100,115.2746,2020-09-01
CHL,Chile,2020-10,Oct-2020,Units,2015_100,2015=100,116.0591,2020-10-01
CHL,Chile,2020-11,Nov-2020,Units,2015_100,2015=100,115.9066,2020-11-01
CHL,Chile,2020-12,Dec-2020,Units,2015_100,2015=100,116.2988,2020-12-01
CHL,Chile,2021-01,Jan-2021,Units,2015_100,2015=100,117.116,2021-01-01
CHL,Chile,2021-02,Feb-2021,Units,2015_100,2015=100,117.3339,2021-02-01
CHL,Chile,2021-03,Mar-2021,Units,2015_100,2015=100,117.7697,2021-03-01
CHL,Chile,2021-04,Apr-2021,Units,2015_100,2015=100,118.2164,2021-04-01
CHL,Chile,2021-05,May-2021,Units,2015_100,2015=100,118.5324,2021-05-01
CHL,Chile,2021-06,Jun-2021,Units,2015_100,2015=100,118.6304,2021-06-01
CHL,Chile,2021-07,Jul-2021,Units,2015_100,2015=100,119.5892,2021-07-01
CHL,Chile,2021-08,Aug-2021,Units,2015_100,2015=100,120.0142,2021-08-01
CHL,Chile,2021-09,Sep-2021,Units,2015_100,2015=100,121.4306,2021-09-01
CHL,Chile,2021-10,Oct-2021,Units,2015_100,2015=100,123.054,2021-10-01
CHL,Chile,2021-11,Nov-2021,Units,2015_100,2015=100,123.6751,2021-11-01
CHL,Chile,2021-12,Dec-2021,Units,2015_100,2015=100,124.6339,2021-12-01
CHL,Chile,2022-01,Jan-2022,Units,2015_100,2015=100,126.1374,2022-01-01
CHL,Chile,2022-02,Feb-2022,Units,2015_100,2015=100,126.497,2022-02-01
CHL,Chile,2022-03,Mar-2022,Units,2015_100,2015=100,128.8504,2022-03-01
CHL,Chile,2022-04,Apr-2022,Units,2015_100,2015=100,130.6482,2022-04-01
CHL,Chile,2022-05,May-2022,Units,2015_100,2015=100,132.2171,2022-05-01
CHL,Chile,2022-06,Jun-2022,Units,2015_100,2015=100,133.4483,2022-06-01
CHL,Chile,2022-07,Jul-2022,Units,2015_100,2015=100,135.2788,2022-07-01
CHL,Chile,2022-08,Aug-2022,Units,2015_100,2015=100,136.924,2022-08-01
CHL,Chile,2022-09,Sep-2022,Units,2015_100,2015=100,138.1007,2022-09-01
CHL,Chile,2022-10,Oct-2022,Units,2015_100,2015=100,138.8198,2022-10-01
CHL,Chile,2022-11,Nov-2022,Units,2015_100,2015=100,140.1709,2022-11-01
DEU,Germany,2015-01,Jan-2015,Units,2015_100,2015=100,98.51642,2015-01-01
DEU,Germany,2015-02,Feb-2015,Units,2015_100,2015=100,99.21654,2015-02-01
DEU,Germany,2015-03,Mar-2015,Units,2015_100,2015=100,99.71662,2015-03-01
DEU,Germany,2015-04,Apr-2015,Units,2015_100,2015=100,100.2167,2015-04-01
DEU,Germany,2015-05,May-2015,Units,2015_100,2015=100,100.4167,2015-05-01
DEU,Germany,2015-06,Jun-2015,Units,2015_100,2015=100,100.4167,2015-06-01
DEU,Germany,2015-07,Jul-2015,Units,2015_100,2015=100,100.6168,2015-07-01
DEU,Germany,2015-08,Aug-2015,Units,2015_100,2015=100,100.6168,2015-08-01
DEU,Germany,2015-09,Sep-2015,Units,2015_100,2015=100,100.4167,2015-09-01
DEU,Germany,2015-10,Oct-2015,Units,2015_100,2015=100,100.4167,2015-10-01
DEU,Germany,2015-11,Nov-2015,Units,2015_100,2015=100,99.71662,2015-11-01
DEU,Germany,2015-12,Dec-2015,Units,2015_100,2015=100,99.71662,2015-12-01
DEU,Germany,2016-01,Jan-2016,Units,2015_100,2015=100,99.0165,2016-01-01
DEU,Germany,2016-02,Feb-2016,Units,2015_100,2015=100,99.31655,2016-02-01
DEU,Germany,2016-03,Mar-2016,Units,2015_100,2015=100,100.0167,2016-03-01
DEU,Germany,2016-04,Apr-2016,Units,2015_100,2015=100,100.1167,2016-04-01
DEU,Germany,2016-05,May-2016,Units,2015_100,2015=100,100.6168,2016-05-01
DEU,Germany,2016-06,Jun-2016,Units,2015_100,2015=100,100.7168,2016-06-01
DEU,Germany,2016-07,Jul-2016,Units,2015_100,2015=100,101.1169,2016-07-01
DEU,Germany,2016-08,Aug-2016,Units,2015_100,2015=100,101.0168,2016-08-01
DEU,Germany,2016-09,Sep-2016,Units,2015_100,2015=100,101.0168,2016-09-01
DEU,Germany,2016-10,Oct-2016,Units,2015_100,2015=100,101.2169,2016-10-01
DEU,Germany,2016-11,Nov-2016,Units,2015_100,2015=100,100.5168,2016-11-01
DEU,Germany,2016-12,Dec-2016,Units,2015_100,2015=100,101.2169,2016-12-01
DEU,Germany,2017-01,Jan-2017,Units,2015_100,2015=100,100.6168,2017-01-01
DEU,Germany,2017-02,Feb-2017,Units,2015_100,2015=100,101.2169,2017-02-01
DEU,Germany,2017-03,Mar-2017,Units,2015_100,2015=100,101.4169,2017-03-01
DEU,Germany,2017-04,Apr-2017,Units,2015_100,2015=100,101.817,2017-04-01
DEU,Germany,2017-05,May-2017,Units,2015_100,2015=100,101.817,2017-05-01
DEU,Germany,2017-06,Jun-2017,Units,2015_100,2015=100,102.117,2017-06-01
DEU,Germany,2017-07,Jul-2017,Units,2015_100,2015=100,102.5171,2017-07-01
DEU,Germany,2017-08,Aug-2017,Units,2015_100,2015=100,102.6171,2017-08-01
DEU,Germany,2017-09,Sep-2017,Units,2015_100,2015=100,102.7171,2017-09-01
DEU,Germany,2017-10,Oct-2017,Units,2015_100,2015=100,102.5171,2017-10-01
DEU,Germany,2017-11,Nov-2017,Units,2015_100,2015=100,102.117,2017-11-01
DEU,Germany,2017-12,Dec-2017,Units,2015_100,2015=100,102.6171,2017-12-01
DEU,Germany,2018-01,Jan-2018,Units,2015_100,2015=100,102.017,2018-01-01
DEU,Germany,2018-02,Feb-2018,Units,2015_100,2015=100,102.3171,2018-02-01
DEU,Germany,2018-03,Mar-2018,Units,2015_100,2015=100,102.9172,2018-03-01
DEU,Germany,2018-04,Apr-2018,Units,2015_100,2015=100,103.1172,2018-04-01
DEU,Germany,2018-05,May-2018,Units,2015_100,2015=100,103.9173,2018-05-01
DEU,Germany,2018-06,Jun-2018,Units,2015_100,2015=100,104.0173,2018-06-01
DEU,Germany,2018-07,Jul-2018,Units,2015_100,2015=100,104.4174,2018-07-01
DEU,Germany,2018-08,Aug-2018,Units,2015_100,2015=100,104.5174,2018-08-01
DEU,Germany,2018-09,Sep-2018,Units,2015_100,2015=100,104.7175,2018-09-01
DEU,Germany,2018-10,Oct-2018,Units,2015_100,2015=100,104.9175,2018-10-01
DEU,Germany,2018-11,Nov-2018,Units,2015_100,2015=100,104.2174,2018-11-01
DEU,Germany,2018-12,Dec-2018,Units,2015_100,2015=100,104.2174,2018-12-01
DEU,Germany,2019-01,Jan-2019,Units,2015_100,2015=100,103.4172,2019-01-01
DEU,Germany,2019-02,Feb-2019,Units,2015_100,2015=100,103.8173,2019-02-01
DEU,Germany,2019-03,Mar-2019,Units,2015_100,2015=100,104.2174,2019-03-01
DEU,Germany,2019-04,Apr-2019,Units,2015_100,2015=100,105.2175,2019-04-01
DEU,Germany,2019-05,May-2019,Units,2015_100,2015=100,105.4176,2019-05-01
DEU,Germany,2019-06,Jun-2019,Units,2015_100,2015=100,105.7176,2019-06-01
DEU,Germany,2019-07,Jul-2019,Units,2015_100,2015=100,106.2177,2019-07-01
DEU,Germany,2019-08,Aug-2019,Units,2015_100,2015=100,106.0177,2019-08-01
DEU,Germany,2019-09,Sep-2019,Units,2015_100,2015=100,106.0177,2019-09-01
DEU,Germany,2019-10,Oct-2019,Units,2015_100,2015=100,106.1177,2019-10-01
DEU,Germany,2019-11,Nov-2019,Units,2015_100,2015=100,105.3176,2019-11-01
DEU,Germany,2019-12,Dec-2019,Units,2015_100,2015=100,105.8176,2019-12-01
DEU,Germany,2020-01,Jan-2020,Units,2015_100,2015=100,105.2175,2020-01-01
DEU,Germany,2020-02,Feb-2020,Units,2015_100,2015=100,105.6176,2020-02-01
DEU,Germany,2020-03,Mar-2020,Units,2015_100,2015=100,105.7176,2020-03-01
DEU,Germany,2020-04,Apr-2020,Units,2015_100,2015=100,106.1177,2020-04-01
DEU,Germany,2020-05,May-2020,Units,2015_100,2015=100,106.0177,2020-05-01
DEU,Germany,2020-06,Jun-2020,Units,2015_100,2015=100,106.6178,2020-06-01
DEU,Germany,2020-07,Jul-2020,Units,2015_100,2015=100,106.1177,2020-07-01
DEU,Germany,2020-08,Aug-2020,Units,2015_100,2015=100,106.0177,2020-08-01
DEU,Germany,2020-09,Sep-2020,Units,2015_100,2015=100,105.8176,2020-09-01
DEU,Germany,2020-10,Oct-2020,Units,2015_100,2015=100,105.9177,2020-10-01
DEU,Germany,2020-11,Nov-2020,Units,2015_100,2015=100,105.0175,2020-11-01
DEU,Germany,2020-12,Dec-2020,Units,2015_100,2015=100,105.5176,2020-12-01
DEU,Germany,2021-01,Jan-2021,Units,2015_100,2015=100,106.3177,2021-01-01
DEU,Germany,2021-02,Feb-2021,Units,2015_100,2015=100,107.0178,2021-02-01
DEU,Germany,2021-03,Mar-2021,Units,2015_100,2015=100,107.5179,2021-03-01
DEU,Germany,2021-04,Apr-2021,Units,2015_100,2015=100,108.218,2021-04-01
DEU,Germany,2021-05,May-2021,Units,2015_100,2015=100,108.7181,2021-05-01
DEU,Germany,2021-06,Jun-2021,Units,2015_100,2015=100,109.1182,2021-06-01
DEU,Germany,2021-07,Jul-2021,Units,2015_100,2015=100,110.1184,2021-07-01
DEU,Germany,2021-08,Aug-2021,Units,2015_100,2015=100,110.1184,2021-08-01
DEU,Germany,2021-09,Sep-2021,Units,2015_100,2015=100,110.1184,2021-09-01
DEU,Germany,2021-10,Oct-2021,Units,2015_100,2015=100,110.7185,2021-10-01
DEU,Germany,2021-11,Nov-2021,Units,2015_100,2015=100,110.5184,2021-11-01
DEU,Germany,2021-12,Dec-2021,Units,2015_100,2015=100,111.1185,2021-12-01
DEU,Germany,2022-01,Jan-2022,Units,2015_100,2015=100,111.5186,2022-01-01
DEU,Germany,2022-02,Feb-2022,Units,2015_100,2015=100,112.5188,2022-02-01
DEU,Germany,2022-03,Mar-2022,Units,2015_100,2015=100,115.3192,2022-03-01
DEU,Germany,2022-04,Apr-2022,Units,2015_100,2015=100,116.2194,2022-04-01
DEU,Germany,2022-05,May-2022,Units,2015_100,2015=100,117.3195,2022-05-01
DEU,Germany,2022-06,Jun-2022,Units,2015_100,2015=100,117.4196,2022-06-01
DEU,Germany,2022-07,Jul-2022,Units,2015_100,2015=100,118.4197,2022-07-01
DEU,Germany,2022-08,Aug-2022,Units,2015_100,2015=100,118.8198,2022-08-01
DEU,Germany,2022-09,Sep-2022,Units,2015_100,2015=100,121.1202,2022-09-01
DEU,Germany,2022-10,Oct-2022,Units,2015_100,2015=100,122.2204,2022-10-01
DEU,Germany,2022-11,Nov-2022,Units,2015_100,2015=100,121.6203,2022-11-01
ESP,Spain,2015-01,Jan-2015,Units,2015_100,2015=100,98.6398,2015-01-01
ESP,Spain,2015-02,Feb-2015,Units,2015_100,2015=100,98.8432,2015-02-01
ESP,Spain,2015-03,Mar-2015,Units,2015_100,2015=100,99.47375,2015-03-01
ESP,Spain,2015-04,Apr-2015,Units,2015_100,2015=100,100.388,2015-04-01
ESP,Spain,2015-05,May-2015,Units,2015_100,2015=100,100.8676,2015-05-01
ESP,Spain,2015-06,Jun-2015,Units,2015_100,2015=100,101.1374,2015-06-01
ESP,Spain,2015-07,Jul-2015,Units,2015_100,2015=100,100.1985,2015-07-01
ESP,Spain,2015-08,Aug-2015,Units,2015_100,2015=100,99.86556,2015-08-01
ESP,Spain,2015-09,Sep-2015,Units,2015_100,2015=100,99.55832,2015-09-01
ESP,Spain,2015-10,Oct-2015,Units,2015_100,2015=100,100.1964,2015-10-01
ESP,Spain,2015-11,Nov-2015,Units,2015_100,2015=100,100.5625,2015-11-01
ESP,Spain,2015-12,Dec-2015,Units,2015_100,2015=100,100.2691,2015-12-01
ESP,Spain,2016-01,Jan-2016,Units,2015_100,2015=100,98.35611,2016-01-01
ESP,Spain,2016-02,Feb-2016,Units,2015_100,2015=100,98.00926,2016-02-01
ESP,Spain,2016-03,Mar-2016,Units,2015_100,2015=100,98.63766,2016-03-01
ESP,Spain,2016-04,Apr-2016,Units,2015_100,2015=100,99.32922,2016-04-01
ESP,Spain,2016-05,May-2016,Units,2015_100,2015=100,99.87198,2016-05-01
ESP,Spain,2016-06,Jun-2016,Units,2015_100,2015=100,100.3334,2016-06-01
ESP,Spain,2016-07,Jul-2016,Units,2015_100,2015=100,99.60328,2016-07-01
ESP,Spain,2016-08,Aug-2016,Units,2015_100,2015=100,99.73174,2016-08-01
ESP,Spain,2016-09,Sep-2016,Units,2015_100,2015=100,99.73602,2016-09-01
ESP,Spain,2016-10,Oct-2016,Units,2015_100,2015=100,100.8761,2016-10-01
ESP,Spain,2016-11,Nov-2016,Units,2015_100,2015=100,101.2423,2016-11-01
ESP,Spain,2016-12,Dec-2016,Units,2015_100,2015=100,101.8418,2016-12-01
ESP,Spain,2017-01,Jan-2017,Units,2015_100,2015=100,101.2819,2017-01-01
ESP,Spain,2017-02,Feb-2017,Units,2015_100,2015=100,100.9179,2017-02-01
ESP,Spain,2017-03,Mar-2017,Units,2015_100,2015=100,100.8965,2017-03-01
ESP,Spain,2017-04,Apr-2017,Units,2015_100,2015=100,101.8653,2017-04-01
ESP,Spain,2017-05,May-2017,Units,2015_100,2015=100,101.8043,2017-05-01
ESP,Spain,2017-06,Jun-2017,Units,2015_100,2015=100,101.8482,2017-06-01
ESP,Spain,2017-07,Jul-2017,Units,2015_100,2015=100,101.1459,2017-07-01
ESP,Spain,2017-08,Aug-2017,Units,2015_100,2015=100,101.3472,2017-08-01
ESP,Spain,2017-09,Sep-2017,Units,2015_100,2015=100,101.5238,2017-09-01
ESP,Spain,2017-10,Oct-2017,Units,2015_100,2015=100,102.4605,2017-10-01
ESP,Spain,2017-11,Nov-2017,Units,2015_100,2015=100,102.9283,2017-11-01
ESP,Spain,2017-12,Dec-2017,Units,2015_100,2015=100,102.9744,2017-12-01
ESP,Spain,2018-01,Jan-2018,Units,2015_100,2015=100,101.8642,2018-01-01
ESP,Spain,2018-02,Feb-2018,Units,2015_100,2015=100,102.0013,2018-02-01
ESP,Spain,2018-03,Mar-2018,Units,2015_100,2015=100,102.1212,2018-03-01
ESP,Spain,2018-04,Apr-2018,Units,2015_100,2015=100,102.9647,2018-04-01
ESP,Spain,2018-05,May-2018,Units,2015_100,2015=100,103.8929,2018-05-01
ESP,Spain,2018-06,Jun-2018,Units,2015_100,2015=100,104.1648,2018-06-01
ESP,Spain,2018-07,Jul-2018,Units,2015_100,2015=100,103.4176,2018-07-01
ESP,Spain,2018-08,Aug-2018,Units,2015_100,2015=100,103.5653,2018-08-01
ESP,Spain,2018-09,Sep-2018,Units,2015_100,2015=100,103.818,2018-09-01
ESP,Spain,2018-10,Oct-2018,Units,2015_100,2015=100,104.7782,2018-10-01
ESP,Spain,2018-11,Nov-2018,Units,2015_100,2015=100,104.6637,2018-11-01
ESP,Spain,2018-12,Dec-2018,Units,2015_100,2015=100,104.1937,2018-12-01
ESP,Spain,2019-01,Jan-2019,Units,2015_100,2015=100,102.862,2019-01-01
ESP,Spain,2019-02,Feb-2019,Units,2015_100,2015=100,103.1135,2019-02-01
ESP,Spain,2019-03,Mar-2019,Units,2015_100,2015=100,103.4872,2019-03-01
ESP,Spain,2019-04,Apr-2019,Units,2015_100,2015=100,104.5309,2019-04-01
ESP,Spain,2019-05,May-2019,Units,2015_100,2015=100,104.7343,2019-05-01
ESP,Spain,2019-06,Jun-2019,Units,2015_100,2015=100,104.6112,2019-06-01
ESP,Spain,2019-07,Jul-2019,Units,2015_100,2015=100,103.9625,2019-07-01
ESP,Spain,2019-08,Aug-2019,Units,2015_100,2015=100,103.9047,2019-08-01
ESP,Spain,2019-09,Sep-2019,Units,2015_100,2015=100,103.9047,2019-09-01
ESP,Spain,2019-10,Oct-2019,Units,2015_100,2015=100,104.9131,2019-10-01
ESP,Spain,2019-11,Nov-2019,Units,2015_100,2015=100,105.0908,2019-11-01
ESP,Spain,2019-12,Dec-2019,Units,2015_100,2015=100,105.0148,2019-12-01
ESP,Spain,2020-01,Jan-2020,Units,2015_100,2015=100,103.9903,2020-01-01
ESP,Spain,2020-02,Feb-2020,Units,2015_100,2015=100,103.8672,2020-02-01
ESP,Spain,2020-03,Mar-2020,Units,2015_100,2015=100,103.469,2020-03-01
ESP,Spain,2020-04,Apr-2020,Units,2015_100,2015=100,103.7816,2020-04-01
ESP,Spain,2020-05,May-2020,Units,2015_100,2015=100,103.7751,2020-05-01
ESP,Spain,2020-06,Jun-2020,Units,2015_100,2015=100,104.2537,2020-06-01
ESP,Spain,2020-07,Jul-2020,Units,2015_100,2015=100,103.318,2020-07-01
ESP,Spain,2020-08,Aug-2020,Units,2015_100,2015=100,103.3651,2020-08-01
ESP,Spain,2020-09,Sep-2020,Units,2015_100,2015=100,103.5204,2020-09-01
ESP,Spain,2020-10,Oct-2020,Units,2015_100,2015=100,104.0642,2020-10-01
ESP,Spain,2020-11,Nov-2020,Units,2015_100,2015=100,104.2344,2020-11-01
ESP,Spain,2020-12,Dec-2020,Units,2015_100,2015=100,104.456,2020-12-01
ESP,Spain,2021-01,Jan-2021,Units,2015_100,2015=100,104.4656,2021-01-01
ESP,Spain,2021-02,Feb-2021,Units,2015_100,2015=100,103.8501,2021-02-01
ESP,Spain,2021-03,Mar-2021,Units,2015_100,2015=100,104.8574,2021-03-01
ESP,Spain,2021-04,Apr-2021,Units,2015_100,2015=100,106.095,2021-04-01
ESP,Spain,2021-05,May-2021,Units,2015_100,2015=100,106.5949,2021-05-01
ESP,Spain,2021-06,Jun-2021,Units,2015_100,2015=100,107.1023,2021-06-01
ESP,Spain,2021-07,Jul-2021,Units,2015_100,2015=100,106.2952,2021-07-01
ESP,Spain,2021-08,Aug-2021,Units,2015_100,2015=100,106.778,2021-08-01
ESP,Spain,2021-09,Sep-2021,Units,2015_100,2015=100,107.6687,2021-09-01
ESP,Spain,2021-10,Oct-2021,Units,2015_100,2015=100,109.6491,2021-10-01
ESP,Spain,2021-11,Nov-2021,Units,2015_100,2015=100,109.9842,2021-11-01
ESP,Spain,2021-12,Dec-2021,Units,2015_100,2015=100,111.2978,2021-12-01
ESP,Spain,2022-01,Jan-2022,Units,2015_100,2015=100,110.8717,2022-01-01
ESP,Spain,2022-02,Feb-2022,Units,2015_100,2015=100,111.7667,2022-02-01
ESP,Spain,2022-03,Mar-2022,Units,2015_100,2015=100,115.1527,2022-03-01
ESP,Spain,2022-04,Apr-2022,Units,2015_100,2015=100,114.9483,2022-04-01
ESP,Spain,2022-05,May-2022,Units,2015_100,2015=100,115.8978,2022-05-01
ESP,Spain,2022-06,Jun-2022,Units,2015_100,2015=100,118.0443,2022-06-01
ESP,Spain,2022-07,Jul-2022,Units,2015_100,2015=100,117.7434,2022-07-01
ESP,Spain,2022-08,Aug-2022,Units,2015_100,2015=100,118.0421,2022-08-01
ESP,Spain,2022-09,Sep-2022,Units,2015_100,2015=100,117.221,2022-09-01
ESP,Spain,2022-10,Oct-2022,Units,2015_100,2015=100,117.615,2022-10-01
ESP,Spain,2022-11,Nov-2022,Units,2015_100,2015=100,117.4737,2022-11-01
CAN,Canada,2015-01,Jan-2015,Units,2015_100,2015=100,98.20911,2015-01-01
CAN,Canada,2015-02,Feb-2015,Units,2015_100,2015=100,99.07822,2015-02-01
CAN,Canada,2015-03,Mar-2015,Units,2015_100,2015=100,99.78931,2015-03-01
CAN,Canada,2015-04,Apr-2015,Units,2015_100,2015=100,99.7103,2015-04-01
CAN,Canada,2015-05,May-2015,Units,2015_100,2015=100,100.2634,2015-05-01
CAN,Canada,2015-06,Jun-2015,Units,2015_100,2015=100,100.5004,2015-06-01
CAN,Canada,2015-07,Jul-2015,Units,2015_100,2015=100,100.5794,2015-07-01
CAN,Canada,2015-08,Aug-2015,Units,2015_100,2015=100,100.5794,2015-08-01
CAN,Canada,2015-09,Sep-2015,Units,2015_100,2015=100,100.4214,2015-09-01
CAN,Canada,2015-10,Oct-2015,Units,2015_100,2015=100,100.5004,2015-10-01
CAN,Canada,2015-11,Nov-2015,Units,2015_100,2015=100,100.4214,2015-11-01
CAN,Canada,2015-12,Dec-2015,Units,2015_100,2015=100,99.94733,2015-12-01
CAN,Canada,2016-01,Jan-2016,Units,2015_100,2015=100,100.1844,2016-01-01
CAN,Canada,2016-02,Feb-2016,Units,2015_100,2015=100,100.4214,2016-02-01
CAN,Canada,2016-03,Mar-2016,Units,2015_100,2015=100,101.0535,2016-03-01
CAN,Canada,2016-04,Apr-2016,Units,2015_100,2015=100,101.3695,2016-04-01
CAN,Canada,2016-05,May-2016,Units,2015_100,2015=100,101.7645,2016-05-01
CAN,Canada,2016-06,Jun-2016,Units,2015_100,2015=100,102.0016,2016-06-01
CAN,Canada,2016-07,Jul-2016,Units,2015_100,2015=100,101.8436,2016-07-01
CAN,Canada,2016-08,Aug-2016,Units,2015_100,2015=100,101.6855,2016-08-01
CAN,Canada,2016-09,Sep-2016,Units,2015_100,2015=100,101.7645,2016-09-01
CAN,Canada,2016-10,Oct-2016,Units,2015_100,2015=100,102.0016,2016-10-01
CAN,Canada,2016-11,Nov-2016,Units,2015_100,2015=100,101.6065,2016-11-01
CAN,Canada,2016-12,Dec-2016,Units,2015_100,2015=100,101.4485,2016-12-01
CAN,Canada,2017-01,Jan-2017,Units,2015_100,2015=100,102.3176,2017-01-01
CAN,Canada,2017-02,Feb-2017,Units,2015_100,2015=100,102.4756,2017-02-01
CAN,Canada,2017-03,Mar-2017,Units,2015_100,2015=100,102.6337,2017-03-01
CAN,Canada,2017-04,Apr-2017,Units,2015_100,2015=100,103.0287,2017-04-01
CAN,Canada,2017-05,May-2017,Units,2015_100,2015=100,103.1077,2017-05-01
CAN,Canada,2017-06,Jun-2017,Units,2015_100,2015=100,103.0287,2017-06-01
CAN,Canada,2017-07,Jul-2017,Units,2015_100,2015=100,103.0287,2017-07-01
CAN,Canada,2017-08,Aug-2017,Units,2015_100,2015=100,103.1077,2017-08-01
CAN,Canada,2017-09,Sep-2017,Units,2015_100,2015=100,103.3447,2017-09-01
CAN,Canada,2017-10,Oct-2017,Units,2015_100,2015=100,103.4238,2017-10-01
CAN,Canada,2017-11,Nov-2017,Units,2015_100,2015=100,103.7398,2017-11-01
CAN,Canada,2017-12,Dec-2017,Units,2015_100,2015=100,103.3447,2017-12-01
CAN,Canada,2018-01,Jan-2018,Units,2015_100,2015=100,104.0558,2018-01-01
CAN,Canada,2018-02,Feb-2018,Units,2015_100,2015=100,104.6879,2018-02-01
CAN,Canada,2018-03,Mar-2018,Units,2015_100,2015=100,105.004,2018-03-01
CAN,Canada,2018-04,Apr-2018,Units,2015_100,2015=100,105.32,2018-04-01
CAN,Canada,2018-05,May-2018,Units,2015_100,2015=100,105.399,2018-05-01
CAN,Canada,2018-06,Jun-2018,Units,2015_100,2015=100,105.557,2018-06-01
CAN,Canada,2018-07,Jul-2018,Units,2015_100,2015=100,106.1101,2018-07-01
CAN,Canada,2018-08,Aug-2018,Units,2015_100,2015=100,106.0311,2018-08-01
CAN,Canada,2018-09,Sep-2018,Units,2015_100,2015=100,105.636,2018-09-01
CAN,Canada,2018-10,Oct-2018,Units,2015_100,2015=100,105.9521,2018-10-01
CAN,Canada,2018-11,Nov-2018,Units,2015_100,2015=100,105.478,2018-11-01
CAN,Canada,2018-12,Dec-2018,Units,2015_100,2015=100,105.399,2018-12-01
CAN,Canada,2019-01,Jan-2019,Units,2015_100,2015=100,105.557,2019-01-01
CAN,Canada,2019-02,Feb-2019,Units,2015_100,2015=100,106.2681,2019-02-01
CAN,Canada,2019-03,Mar-2019,Units,2015_100,2015=100,106.9792,2019-03-01
CAN,Canada,2019-04,Apr-2019,Units,2015_100,2015=100,107.4533,2019-04-01
CAN,Canada,2019-05,May-2019,Units,2015_100,2015=100,107.9273,2019-05-01
CAN,Canada,2019-06,Jun-2019,Units,2015_100,2015=100,107.6903,2019-06-01
CAN,Canada,2019-07,Jul-2019,Units,2015_100,2015=100,108.2433,2019-07-01
CAN,Canada,2019-08,Aug-2019,Units,2015_100,2015=100,108.0853,2019-08-01
CAN,Canada,2019-09,Sep-2019,Units,2015_100,2015=100,107.6113,2019-09-01
CAN,Canada,2019-10,Oct-2019,Units,2015_100,2015=100,107.9273,2019-10-01
CAN,Canada,2019-11,Nov-2019,Units,2015_100,2015=100,107.7693,2019-11-01
CAN,Canada,2019-12,Dec-2019,Units,2015_100,2015=100,107.7693,2019-12-01
CAN,Canada,2020-01,Jan-2020,Units,2015_100,2015=100,108.0853,2020-01-01
CAN,Canada,2020-02,Feb-2020,Units,2015_100,2015=100,108.5594,2020-02-01
CAN,Canada,2020-03,Mar-2020,Units,2015_100,2015=100,107.9273,2020-03-01
CAN,Canada,2020-04,Apr-2020,Units,2015_100,2015=100,107.2162,2020-04-01
CAN,Canada,2020-05,May-2020,Units,2015_100,2015=100,107.5323,2020-05-01
CAN,Canada,2020-06,Jun-2020,Units,2015_100,2015=100,108.4014,2020-06-01
CAN,Canada,2020-07,Jul-2020,Units,2015_100,2015=100,108.4014,2020-07-01
CAN,Canada,2020-08,Aug-2020,Units,2015_100,2015=100,108.2433,2020-08-01
CAN,Canada,2020-09,Sep-2020,Units,2015_100,2015=100,108.1643,2020-09-01
CAN,Canada,2020-10,Oct-2020,Units,2015_100,2015=100,108.6384,2020-10-01
CAN,Canada,2020-11,Nov-2020,Units,2015_100,2015=100,108.7964,2020-11-01
CAN,Canada,2020-12,Dec-2020,Units,2015_100,2015=100,108.5594,2020-12-01
CAN,Canada,2021-01,Jan-2021,Units,2015_100,2015=100,109.1915,2021-01-01
CAN,Canada,2021-02,Feb-2021,Units,2015_100,2015=100,109.7445,2021-02-01
CAN,Canada,2021-03,Mar-2021,Units,2015_100,2015=100,110.2976,2021-03-01
CAN,Canada,2021-04,Apr-2021,Units,2015_100,2015=100,110.8507,2021-04-01
CAN,Canada,2021-05,May-2021,Units,2015_100,2015=100,111.4037,2021-05-01
CAN,Canada,2021-06,Jun-2021,Units,2015_100,2015=100,111.7198,2021-06-01
CAN,Canada,2021-07,Jul-2021,Units,2015_100,2015=100,112.4309,2021-07-01
CAN,Canada,2021-08,Aug-2021,Units,2015_100,2015=100,112.6679,2021-08-01
CAN,Canada,2021-09,Sep-2021,Units,2015_100,2015=100,112.9049,2021-09-01
CAN,Canada,2021-10,Oct-2021,Units,2015_100,2015=100,113.695,2021-10-01
CAN,Canada,2021-11,Nov-2021,Units,2015_100,2015=100,113.9321,2021-11-01
CAN,Canada,2021-12,Dec-2021,Units,2015_100,2015=100,113.774,2021-12-01
CAN,Canada,2022-01,Jan-2022,Units,2015_100,2015=100,114.8012,2022-01-01
CAN,Canada,2022-02,Feb-2022,Units,2015_100,2015=100,115.9863,2022-02-01
CAN,Canada,2022-03,Mar-2022,Units,2015_100,2015=100,117.6455,2022-03-01
CAN,Canada,2022-04,Apr-2022,Units,2015_100,2015=100,118.3566,2022-04-01
CAN,Canada,2022-05,May-2022,Units,2015_100,2015=100,120.0158,2022-05-01
CAN,Canada,2022-06,Jun-2022,Units,2015_100,2015=100,120.8059,2022-06-01
CAN,Canada,2022-07,Jul-2022,Units,2015_100,2015=100,120.9639,2022-07-01
CAN,Canada,2022-08,Aug-2022,Units,2015_100,2015=100,120.5689,2022-08-01
CAN,Canada,2022-09,Sep-2022,Units,2015_100,2015=100,120.6479,2022-09-01
CAN,Canada,2022-10,Oct-2022,Units,2015_100,2015=100,121.517,2022-10-01
RUS,Russia,2015-01,Jan-2015,Units,2015_100,2015=100,95.28082,2015-01-01
RUS,Russia,2015-02,Feb-2015,Units,2015_100,2015=100,97.39606,2015-02-01
RUS,Russia,2015-03,Mar-2015,Units,2015_100,2015=100,98.57455,2015-03-01
RUS,Russia,2015-04,Apr-2015,Units,2015_100,2015=100,99.02799,2015-04-01
RUS,Russia,2015-05,May-2015,Units,2015_100,2015=100,99.37459,2015-05-01
RUS,Russia,2015-06,Jun-2015,Units,2015_100,2015=100,99.5634,2015-06-01
RUS,Russia,2015-07,Jul-2015,Units,2015_100,2015=100,100.3599,2015-07-01
RUS,Russia,2015-08,Aug-2015,Units,2015_100,2015=100,100.7112,2015-08-01
RUS,Russia,2015-09,Sep-2015,Units,2015_100,2015=100,101.2852,2015-09-01
RUS,Russia,2015-10,Oct-2015,Units,2015_100,2015=100,102.0347,2015-10-01
RUS,Russia,2015-11,Nov-2015,Units,2015_100,2015=100,102.8,2015-11-01
RUS,Russia,2015-12,Dec-2015,Units,2015_100,2015=100,103.5916,2015-12-01
RUS,Russia,2016-01,Jan-2016,Units,2015_100,2015=100,104.586,2016-01-01
RUS,Russia,2016-02,Feb-2016,Units,2015_100,2015=100,105.2449,2016-02-01
RUS,Russia,2016-03,Mar-2016,Units,2015_100,2015=100,105.729,2016-03-01
RUS,Russia,2016-04,Apr-2016,Units,2015_100,2015=100,106.1943,2016-04-01
RUS,Russia,2016-05,May-2016,Units,2015_100,2015=100,106.6297,2016-05-01
RUS,Russia,2016-06,Jun-2016,Units,2015_100,2015=100,107.0135,2016-06-01
RUS,Russia,2016-07,Jul-2016,Units,2015_100,2015=100,107.5914,2016-07-01
RUS,Russia,2016-08,Aug-2016,Units,2015_100,2015=100,107.6022,2016-08-01
RUS,Russia,2016-09,Sep-2016,Units,2015_100,2015=100,107.7851,2016-09-01
RUS,Russia,2016-10,Oct-2016,Units,2015_100,2015=100,108.2486,2016-10-01
RUS,Russia,2016-11,Nov-2016,Units,2015_100,2015=100,108.7248,2016-11-01
RUS,Russia,2016-12,Dec-2016,Units,2015_100,2015=100,109.1597,2016-12-01
RUS,Russia,2017-01,Jan-2017,Units,2015_100,2015=100,109.8365,2017-01-01
RUS,Russia,2017-02,Feb-2017,Units,2015_100,2015=100,110.0782,2017-02-01
RUS,Russia,2017-03,Mar-2017,Units,2015_100,2015=100,110.2213,2017-03-01
RUS,Russia,2017-04,Apr-2017,Units,2015_100,2015=100,110.585,2017-04-01
RUS,Russia,2017-05,May-2017,Units,2015_100,2015=100,110.9942,2017-05-01
RUS,Russia,2017-06,Jun-2017,Units,2015_100,2015=100,111.6712,2017-06-01
RUS,Russia,2017-07,Jul-2017,Units,2015_100,2015=100,111.7494,2017-07-01
RUS,Russia,2017-08,Aug-2017,Units,2015_100,2015=100,111.146,2017-08-01
RUS,Russia,2017-09,Sep-2017,Units,2015_100,2015=100,110.9792,2017-09-01
RUS,Russia,2017-10,Oct-2017,Units,2015_100,2015=100,111.2012,2017-10-01
RUS,Russia,2017-11,Nov-2017,Units,2015_100,2015=100,111.4458,2017-11-01
RUS,Russia,2017-12,Dec-2017,Units,2015_100,2015=100,111.9139,2017-12-01
RUS,Russia,2018-01,Jan-2018,Units,2015_100,2015=100,112.2608,2018-01-01
RUS,Russia,2018-02,Feb-2018,Units,2015_100,2015=100,112.4966,2018-02-01
RUS,Russia,2018-03,Mar-2018,Units,2015_100,2015=100,112.8228,2018-03-01
RUS,Russia,2018-04,Apr-2018,Units,2015_100,2015=100,113.2516,2018-04-01
RUS,Russia,2018-05,May-2018,Units,2015_100,2015=100,113.6819,2018-05-01
RUS,Russia,2018-06,Jun-2018,Units,2015_100,2015=100,114.239,2018-06-01
RUS,Russia,2018-07,Jul-2018,Units,2015_100,2015=100,114.5474,2018-07-01
RUS,Russia,2018-08,Aug-2018,Units,2015_100,2015=100,114.5589,2018-08-01
RUS,Russia,2018-09,Sep-2018,Units,2015_100,2015=100,114.7422,2018-09-01
RUS,Russia,2018-10,Oct-2018,Units,2015_100,2015=100,115.1438,2018-10-01
RUS,Russia,2018-11,Nov-2018,Units,2015_100,2015=100,115.7195,2018-11-01
RUS,Russia,2018-12,Dec-2018,Units,2015_100,2015=100,116.6915,2018-12-01
RUS,Russia,2019-01,Jan-2019,Units,2015_100,2015=100,117.8701,2019-01-01
RUS,Russia,2019-02,Feb-2019,Units,2015_100,2015=100,118.3887,2019-02-01
RUS,Russia,2019-03,Mar-2019,Units,2015_100,2015=100,118.7676,2019-03-01
RUS,Russia,2019-04,Apr-2019,Units,2015_100,2015=100,119.112,2019-04-01
RUS,Russia,2019-05,May-2019,Units,2015_100,2015=100,119.517,2019-05-01
RUS,Russia,2019-06,Jun-2019,Units,2015_100,2015=100,119.5648,2019-06-01
RUS,Russia,2019-07,Jul-2019,Units,2015_100,2015=100,119.8039,2019-07-01
RUS,Russia,2019-08,Aug-2019,Units,2015_100,2015=100,119.5164,2019-08-01
RUS,Russia,2019-09,Sep-2019,Units,2015_100,2015=100,119.3252,2019-09-01
RUS,Russia,2019-10,Oct-2019,Units,2015_100,2015=100,119.4803,2019-10-01
RUS,Russia,2019-11,Nov-2019,Units,2015_100,2015=100,119.8148,2019-11-01
RUS,Russia,2019-12,Dec-2019,Units,2015_100,2015=100,120.2462,2019-12-01
RUS,Russia,2020-01,Jan-2020,Units,2015_100,2015=100,120.7271,2020-01-01
RUS,Russia,2020-02,Feb-2020,Units,2015_100,2015=100,121.1255,2020-02-01
RUS,Russia,2020-03,Mar-2020,Units,2015_100,2015=100,121.7917,2020-03-01
RUS,Russia,2020-04,Apr-2020,Units,2015_100,2015=100,122.8026,2020-04-01
RUS,Russia,2020-05,May-2020,Units,2015_100,2015=100,123.1342,2020-05-01
RUS,Russia,2020-06,Jun-2020,Units,2015_100,2015=100,123.4051,2020-06-01
RUS,Russia,2020-07,Jul-2020,Units,2015_100,2015=100,123.837,2020-07-01
RUS,Russia,2020-08,Aug-2020,Units,2015_100,2015=100,123.7875,2020-08-01
RUS,Russia,2020-09,Sep-2020,Units,2015_100,2015=100,123.7008,2020-09-01
RUS,Russia,2020-10,Oct-2020,Units,2015_100,2015=100,124.2327,2020-10-01
RUS,Russia,2020-11,Nov-2020,Units,2015_100,2015=100,125.1148,2020-11-01
RUS,Russia,2020-12,Dec-2020,Units,2015_100,2015=100,126.1532,2020-12-01
RUS,Russia,2021-01,Jan-2021,Units,2015_100,2015=100,126.9984,2021-01-01
RUS,Russia,2021-02,Feb-2021,Units,2015_100,2015=100,127.989,2021-02-01
RUS,Russia,2021-03,Mar-2021,Units,2015_100,2015=100,128.8338,2021-03-01
RUS,Russia,2021-04,Apr-2021,Units,2015_100,2015=100,129.581,2021-04-01
RUS,Russia,2021-05,May-2021,Units,2015_100,2015=100,130.5399,2021-05-01
RUS,Russia,2021-06,Jun-2021,Units,2015_100,2015=100,131.4406,2021-06-01
RUS,Russia,2021-07,Jul-2021,Units,2015_100,2015=100,131.8481,2021-07-01
RUS,Russia,2021-08,Aug-2021,Units,2015_100,2015=100,132.0722,2021-08-01
RUS,Russia,2021-09,Sep-2021,Units,2015_100,2015=100,132.8647,2021-09-01
RUS,Russia,2021-10,Oct-2021,Units,2015_100,2015=100,134.3395,2021-10-01
RUS,Russia,2021-11,Nov-2021,Units,2015_100,2015=100,135.6291,2021-11-01
RUS,Russia,2021-12,Dec-2021,Units,2015_100,2015=100,136.7413,2021-12-01
RUS,Russia,2022-01,Jan-2022,Units,2015_100,2015=100,138.095,2022-01-01
RUS,Russia,2022-02,Feb-2022,Units,2015_100,2015=100,139.7107,2022-02-01
RUS,Russia,2022-03,Mar-2022,Units,2015_100,2015=100,150.347,2022-03-01
USA,United States,2015-01,Jan-2015,Units,2015_100,2015=100,98.60348,2015-01-01
USA,United States,2015-02,Feb-2015,Units,2015_100,2015=100,99.03172,2015-02-01
USA,United States,2015-03,Mar-2015,Units,2015_100,2015=100,99.62112,2015-03-01
USA,United States,2015-04,Apr-2015,Units,2015_100,2015=100,99.82364,2015-04-01
USA,United States,2015-05,May-2015,Units,2015_100,2015=100,100.3325,2015-05-01
USA,United States,2015-06,Jun-2015,Units,2015_100,2015=100,100.6839,2015-06-01
USA,United States,2015-07,Jul-2015,Units,2015_100,2015=100,100.6907,2015-07-01
USA,United States,2015-08,Aug-2015,Units,2015_100,2015=100,100.5481,2015-08-01
USA,United States,2015-09,Sep-2015,Units,2015_100,2015=100,100.3915,2015-09-01
USA,United States,2015-10,Oct-2015,Units,2015_100,2015=100,100.3464,2015-10-01
USA,United States,2015-11,Nov-2015,Units,2015_100,2015=100,100.1346,2015-11-01
USA,United States,2015-12,Dec-2015,Units,2015_100,2015=100,99.79242,2015-12-01
USA,United States,2016-01,Jan-2016,Units,2015_100,2015=100,99.95739,2016-01-01
USA,United States,2016-02,Feb-2016,Units,2015_100,2015=100,100.0397,2016-02-01
USA,United States,2016-03,Mar-2016,Units,2015_100,2015=100,100.4704,2016-03-01
USA,United States,2016-04,Apr-2016,Units,2015_100,2015=100,100.9468,2016-04-01
USA,United States,2016-05,May-2016,Units,2015_100,2015=100,101.3552,2016-05-01
USA,United States,2016-06,Jun-2016,Units,2015_100,2015=100,101.6881,2016-06-01
USA,United States,2016-07,Jul-2016,Units,2015_100,2015=100,101.5235,2016-07-01
USA,United States,2016-08,Aug-2016,Units,2015_100,2015=100,101.6168,2016-08-01
USA,United States,2016-09,Sep-2016,Units,2015_100,2015=100,101.861,2016-09-01
USA,United States,2016-10,Oct-2016,Units,2015_100,2015=100,101.988,2016-10-01
USA,United States,2016-11,Nov-2016,Units,2015_100,2015=100,101.8294,2016-11-01
USA,United States,2016-12,Dec-2016,Units,2015_100,2015=100,101.8627,2016-12-01
USA,United States,2017-01,Jan-2017,Units,2015_100,2015=100,102.4564,2017-01-01
USA,United States,2017-02,Feb-2017,Units,2015_100,2015=100,102.7787,2017-02-01
USA,United States,2017-03,Mar-2017,Units,2015_100,2015=100,102.8622,2017-03-01
USA,United States,2017-04,Apr-2017,Units,2015_100,2015=100,103.1673,2017-04-01
USA,United States,2017-05,May-2017,Units,2015_100,2015=100,103.2555,2017-05-01
USA,United States,2017-06,Jun-2017,Units,2015_100,2015=100,103.3491,2017-06-01
USA,United States,2017-07,Jul-2017,Units,2015_100,2015=100,103.2778,2017-07-01
USA,United States,2017-08,Aug-2017,Units,2015_100,2015=100,103.5871,2017-08-01
USA,United States,2017-09,Sep-2017,Units,2015_100,2015=100,104.1356,2017-09-01
USA,United States,2017-10,Oct-2017,Units,2015_100,2015=100,104.0697,2017-10-01
USA,United States,2017-11,Nov-2017,Units,2015_100,2015=100,104.0723,2017-11-01
USA,United States,2017-12,Dec-2017,Units,2015_100,2015=100,104.0111,2017-12-01
USA,United States,2018-01,Jan-2018,Units,2015_100,2015=100,104.5777,2018-01-01
USA,United States,2018-02,Feb-2018,Units,2015_100,2015=100,105.052,2018-02-01
USA,United States,2018-03,Mar-2018,Units,2015_100,2015=100,105.2895,2018-03-01
USA,United States,2018-04,Apr-2018,Units,2015_100,2015=100,105.708,2018-04-01
USA,United States,2018-05,May-2018,Units,2015_100,2015=100,106.1477,2018-05-01
USA,United States,2018-06,Jun-2018,Units,2015_100,2015=100,106.3168,2018-06-01
USA,United States,2018-07,Jul-2018,Units,2015_100,2015=100,106.324,2018-07-01
USA,United States,2018-08,Aug-2018,Units,2015_100,2015=100,106.3831,2018-08-01
USA,United States,2018-09,Sep-2018,Units,2015_100,2015=100,106.5067,2018-09-01
USA,United States,2018-10,Oct-2018,Units,2015_100,2015=100,106.6949,2018-10-01
USA,United States,2018-11,Nov-2018,Units,2015_100,2015=100,106.3375,2018-11-01
USA,United States,2018-12,Dec-2018,Units,2015_100,2015=100,105.9979,2018-12-01
USA,United States,2019-01,Jan-2019,Units,2015_100,2015=100,106.2,2019-01-01
USA,United States,2019-02,Feb-2019,Units,2015_100,2015=100,106.6489,2019-02-01
USA,United States,2019-03,Mar-2019,Units,2015_100,2015=100,107.2505,2019-03-01
USA,United States,2019-04,Apr-2019,Units,2015_100,2015=100,107.8184,2019-04-01
USA,United States,2019-05,May-2019,Units,2015_100,2015=100,108.0479,2019-05-01
USA,United States,2019-06,Jun-2019,Units,2015_100,2015=100,108.0695,2019-06-01
USA,United States,2019-07,Jul-2019,Units,2015_100,2015=100,108.25,2019-07-01
USA,United States,2019-08,Aug-2019,Units,2015_100,2015=100,108.2446,2019-08-01
USA,United States,2019-09,Sep-2019,Units,2015_100,2015=100,108.3294,2019-09-01
USA,United States,2019-10,Oct-2019,Units,2015_100,2015=100,108.577,2019-10-01
USA,United States,2019-11,Nov-2019,Units,2015_100,2015=100,108.5188,2019-11-01
USA,United States,2019-12,Dec-2019,Units,2015_100,2015=100,108.4201,2019-12-01
USA,United States,2020-01,Jan-2020,Units,2015_100,2015=100,108.8407,2020-01-01
USA,United States,2020-02,Feb-2020,Units,2015_100,2015=100,109.139,2020-02-01
USA,United States,2020-03,Mar-2020,Units,2015_100,2015=100,108.9015,2020-03-01
USA,United States,2020-04,Apr-2020,Units,2015_100,2015=100,108.1733,2020-04-01
USA,United States,2020-05,May-2020,Units,2015_100,2015=100,108.1754,2020-05-01
USA,United States,2020-06,Jun-2020,Units,2015_100,2015=100,108.7673,2020-06-01
USA,United States,2020-07,Jul-2020,Units,2015_100,2015=100,109.3175,2020-07-01
USA,United States,2020-08,Aug-2020,Units,2015_100,2015=100,109.6622,2020-08-01
USA,United States,2020-09,Sep-2020,Units,2015_100,2015=100,109.8149,2020-09-01
USA,United States,2020-10,Oct-2020,Units,2015_100,2015=100,109.8605,2020-10-01
USA,United States,2020-11,Nov-2020,Units,2015_100,2015=100,109.7934,2020-11-01
USA,United States,2020-12,Dec-2020,Units,2015_100,2015=100,109.8968,2020-12-01
USA,United States,2021-01,Jan-2021,Units,2015_100,2015=100,110.3642,2021-01-01
USA,United States,2021-02,Feb-2021,Units,2015_100,2015=100,110.9684,2021-02-01
USA,United States,2021-03,Mar-2021,Units,2015_100,2015=100,111.7544,2021-03-01
USA,United States,2021-04,Apr-2021,Units,2015_100,2015=100,112.6729,2021-04-01
USA,United States,2021-05,May-2021,Units,2015_100,2015=100,113.5762,2021-05-01
USA,United States,2021-06,Jun-2021,Units,2015_100,2015=100,114.6314,2021-06-01
USA,United States,2021-07,Jul-2021,Units,2015_100,2015=100,115.1829,2021-07-01
USA,United States,2021-08,Aug-2021,Units,2015_100,2015=100,115.4208,2021-08-01
USA,United States,2021-09,Sep-2021,Units,2015_100,2015=100,115.7343,2021-09-01
USA,United States,2021-10,Oct-2021,Units,2015_100,2015=100,116.6958,2021-10-01
USA,United States,2021-11,Nov-2021,Units,2015_100,2015=100,117.2692,2021-11-01
USA,United States,2021-12,Dec-2021,Units,2015_100,2015=100,117.6295,2021-12-01
USA,United States,2022-01,Jan-2022,Units,2015_100,2015=100,118.6193,2022-01-01
USA,United States,2022-02,Feb-2022,Units,2015_100,2015=100,119.7028,2022-02-01
USA,United States,2022-03,Mar-2022,Units,2015_100,2015=100,121.301,2022-03-01
USA,United States,2022-04,Apr-2022,Units,2015_100,2015=100,121.9782,2022-04-01
USA,United States,2022-05,May-2022,Units,2015_100,2015=100,123.3228,2022-05-01
USA,United States,2022-06,Jun-2022,Units,2015_100,2015=100,125.0168,2022-06-01
USA,United States,2022-07,Jul-2022,Units,2015_100,2015=100,125.002,2022-07-01
USA,United States,2022-08,Aug-2022,Units,2015_100,2015=100,124.9577,2022-08-01
USA,United States,2022-09,Sep-2022,Units,2015_100,2015=100,125.2265,2022-09-01
USA,United States,2022-10,Oct-2022,Units,2015_100,2015=100,125.7344,2022-10-01
USA,United States,2022-11,Nov-2022,Units,2015_100,2015=100,125.6074,2022-11-01
FRA,France,2015-01,Jan-2015,Units,2015_100,2015=100,98.86,2015-01-01
FRA,France,2015-02,Feb-2015,Units,2015_100,2015=100,99.52,2015-02-01
FRA,France,2015-03,Mar-2015,Units,2015_100,2015=100,100.17,2015-03-01
FRA,France,2015-04,Apr-2015,Units,2015_100,2015=100,100.28,2015-04-01
FRA,France,2015-05,May-2015,Units,2015_100,2015=100,100.52,2015-05-01
FRA,France,2015-06,Jun-2015,Units,2015_100,2015=100,100.44,2015-06-01
FRA,France,2015-07,Jul-2015,Units,2015_100,2015=100,100.03,2015-07-01
FRA,France,2015-08,Aug-2015,Units,2015_100,2015=100,100.35,2015-08-01
FRA,France,2015-09,Sep-2015,Units,2015_100,2015=100,99.95,2015-09-01
FRA,France,2015-10,Oct-2015,Units,2015_100,2015=100,100.01,2015-10-01
FRA,France,2015-11,Nov-2015,Units,2015_100,2015=100,99.82,2015-11-01
FRA,France,2015-12,Dec-2015,Units,2015_100,2015=100,100.04,2015-12-01
FRA,France,2016-01,Jan-2016,Units,2015_100,2015=100,99.08,2016-01-01
FRA,France,2016-02,Feb-2016,Units,2015_100,2015=100,99.33,2016-02-01
FRA,France,2016-03,Mar-2016,Units,2015_100,2015=100,100.02,2016-03-01
FRA,France,2016-04,Apr-2016,Units,2015_100,2015=100,100.09,2016-04-01
FRA,France,2016-05,May-2016,Units,2015_100,2015=100,100.5,2016-05-01
FRA,France,2016-06,Jun-2016,Units,2015_100,2015=100,100.63,2016-06-01
FRA,France,2016-07,Jul-2016,Units,2015_100,2015=100,100.25,2016-07-01
FRA,France,2016-08,Aug-2016,Units,2015_100,2015=100,100.58,2016-08-01
FRA,France,2016-09,Sep-2016,Units,2015_100,2015=100,100.34,2016-09-01
FRA,France,2016-10,Oct-2016,Units,2015_100,2015=100,100.37,2016-10-01
FRA,France,2016-11,Nov-2016,Units,2015_100,2015=100,100.35,2016-11-01
FRA,France,2016-12,Dec-2016,Units,2015_100,2015=100,100.65,2016-12-01
FRA,France,2017-01,Jan-2017,Units,2015_100,2015=100,100.41,2017-01-01
FRA,France,2017-02,Feb-2017,Units,2015_100,2015=100,100.53,2017-02-01
FRA,France,2017-03,Mar-2017,Units,2015_100,2015=100,101.17,2017-03-01
FRA,France,2017-04,Apr-2017,Units,2015_100,2015=100,101.26,2017-04-01
FRA,France,2017-05,May-2017,Units,2015_100,2015=100,101.31,2017-05-01
FRA,France,2017-06,Jun-2017,Units,2015_100,2015=100,101.32,2017-06-01
FRA,France,2017-07,Jul-2017,Units,2015_100,2015=100,100.97,2017-07-01
FRA,France,2017-08,Aug-2017,Units,2015_100,2015=100,101.49,2017-08-01
FRA,France,2017-09,Sep-2017,Units,2015_100,2015=100,101.33,2017-09-01
FRA,France,2017-10,Oct-2017,Units,2015_100,2015=100,101.43,2017-10-01
FRA,France,2017-11,Nov-2017,Units,2015_100,2015=100,101.53,2017-11-01
FRA,France,2017-12,Dec-2017,Units,2015_100,2015=100,101.85,2017-12-01
FRA,France,2018-01,Jan-2018,Units,2015_100,2015=100,101.75,2018-01-01
FRA,France,2018-02,Feb-2018,Units,2015_100,2015=100,101.72,2018-02-01
FRA,France,2018-03,Mar-2018,Units,2015_100,2015=100,102.75,2018-03-01
FRA,France,2018-04,Apr-2018,Units,2015_100,2015=100,102.92,2018-04-01
FRA,France,2018-05,May-2018,Units,2015_100,2015=100,103.36,2018-05-01
FRA,France,2018-06,Jun-2018,Units,2015_100,2015=100,103.37,2018-06-01
FRA,France,2018-07,Jul-2018,Units,2015_100,2015=100,103.28,2018-07-01
FRA,France,2018-08,Aug-2018,Units,2015_100,2015=100,103.78,2018-08-01
FRA,France,2018-09,Sep-2018,Units,2015_100,2015=100,103.56,2018-09-01
FRA,France,2018-10,Oct-2018,Units,2015_100,2015=100,103.67,2018-10-01
FRA,France,2018-11,Nov-2018,Units,2015_100,2015=100,103.45,2018-11-01
FRA,France,2018-12,Dec-2018,Units,2015_100,2015=100,103.47,2018-12-01
FRA,France,2019-01,Jan-2019,Units,2015_100,2015=100,103.01,2019-01-01
FRA,France,2019-02,Feb-2019,Units,2015_100,2015=100,103.06,2019-02-01
FRA,France,2019-03,Mar-2019,Units,2015_100,2015=100,103.89,2019-03-01
FRA,France,2019-04,Apr-2019,Units,2015_100,2015=100,104.22,2019-04-01
FRA,France,2019-05,May-2019,Units,2015_100,2015=100,104.33,2019-05-01
FRA,France,2019-06,Jun-2019,Units,2015_100,2015=100,104.58,2019-06-01
FRA,France,2019-07,Jul-2019,Units,2015_100,2015=100,104.38,2019-07-01
FRA,France,2019-08,Aug-2019,Units,2015_100,2015=100,104.86,2019-08-01
FRA,France,2019-09,Sep-2019,Units,2015_100,2015=100,104.5,2019-09-01
FRA,France,2019-10,Oct-2019,Units,2015_100,2015=100,104.46,2019-10-01
FRA,France,2019-11,Nov-2019,Units,2015_100,2015=100,104.52,2019-11-01
FRA,France,2019-12,Dec-2019,Units,2015_100,2015=100,104.98,2019-12-01
FRA,France,2020-01,Jan-2020,Units,2015_100,2015=100,104.54,2020-01-01
FRA,France,2020-02,Feb-2020,Units,2015_100,2015=100,104.53,2020-02-01
FRA,France,2020-03,Mar-2020,Units,2015_100,2015=100,104.59,2020-03-01
FRA,France,2020-04,Apr-2020,Units,2015_100,2015=100,104.56,2020-04-01
FRA,France,2020-05,May-2020,Units,2015_100,2015=100,104.71,2020-05-01
FRA,France,2020-06,Jun-2020,Units,2015_100,2015=100,104.79,2020-06-01
FRA,France,2020-07,Jul-2020,Units,2015_100,2015=100,105.19,2020-07-01
FRA,France,2020-08,Aug-2020,Units,2015_100,2015=100,105.09,2020-08-01
FRA,France,2020-09,Sep-2020,Units,2015_100,2015=100,104.55,2020-09-01
FRA,France,2020-10,Oct-2020,Units,2015_100,2015=100,104.51,2020-10-01
FRA,France,2020-11,Nov-2020,Units,2015_100,2015=100,104.73,2020-11-01
FRA,France,2020-12,Dec-2020,Units,2015_100,2015=100,104.96,2020-12-01
FRA,France,2021-01,Jan-2021,Units,2015_100,2015=100,105.12,2021-01-01
FRA,France,2021-02,Feb-2021,Units,2015_100,2015=100,105.12,2021-02-01
FRA,France,2021-03,Mar-2021,Units,2015_100,2015=100,105.75,2021-03-01
FRA,France,2021-04,Apr-2021,Units,2015_100,2015=100,105.86,2021-04-01
FRA,France,2021-05,May-2021,Units,2015_100,2015=100,106.2,2021-05-01
FRA,France,2021-06,Jun-2021,Units,2015_100,2015=100,106.34,2021-06-01
FRA,France,2021-07,Jul-2021,Units,2015_100,2015=100,106.4,2021-07-01
FRA,France,2021-08,Aug-2021,Units,2015_100,2015=100,107.05,2021-08-01
FRA,France,2021-09,Sep-2021,Units,2015_100,2015=100,106.81,2021-09-01
FRA,France,2021-10,Oct-2021,Units,2015_100,2015=100,107.25,2021-10-01
FRA,France,2021-11,Nov-2021,Units,2015_100,2015=100,107.64,2021-11-01
FRA,France,2021-12,Dec-2021,Units,2015_100,2015=100,107.85,2021-12-01
FRA,France,2022-01,Jan-2022,Units,2015_100,2015=100,108.12,2022-01-01
FRA,France,2022-02,Feb-2022,Units,2015_100,2015=100,108.94,2022-02-01
FRA,France,2022-03,Mar-2022,Units,2015_100,2015=100,110.49,2022-03-01
FRA,France,2022-04,Apr-2022,Units,2015_100,2015=100,110.97,2022-04-01
FRA,France,2022-05,May-2022,Units,2015_100,2015=100,111.72,2022-05-01
FRA,France,2022-06,Jun-2022,Units,2015_100,2015=100,112.55,2022-06-01
FRA,France,2022-07,Jul-2022,Units,2015_100,2015=100,112.87,2022-07-01
FRA,France,2022-08,Aug-2022,Units,2015_100,2015=100,113.38,2022-08-01
FRA,France,2022-09,Sep-2022,Units,2015_100,2015=100,112.74,2022-09-01
FRA,France,2022-10,Oct-2022,Units,2015_100,2015=100,113.9,2022-10-01
FRA,France,2022-11,Nov-2022,Units,2015_100,2015=100,114.26,2022-11-01
JPN,Japan,2015-01,Jan-2015,Units,2015_100,2015=100,99.56732,2015-01-01
JPN,Japan,2015-02,Feb-2015,Units,2015_100,2015=100,99.36371,2015-02-01
JPN,Japan,2015-03,Mar-2015,Units,2015_100,2015=100,99.66913,2015-03-01
JPN,Japan,2015-04,Apr-2015,Units,2015_100,2015=100,100.1782,2015-04-01
JPN,Japan,2015-05,May-2015,Units,2015_100,2015=100,100.4836,2015-05-01
JPN,Japan,2015-06,Jun-2015,Units,2015_100,2015=100,100.1782,2015-06-01
JPN,Japan,2015-07,Jul-2015,Units,2015_100,2015=100,100.0764,2015-07-01
JPN,Japan,2015-08,Aug-2015,Units,2015_100,2015=100,100.1782,2015-08-01
JPN,Japan,2015-09,Sep-2015,Units,2015_100,2015=100,100.28,2015-09-01
JPN,Japan,2015-10,Oct-2015,Units,2015_100,2015=100,100.28,2015-10-01
JPN,Japan,2015-11,Nov-2015,Units,2015_100,2015=100,99.87274,2015-11-01
JPN,Japan,2015-12,Dec-2015,Units,2015_100,2015=100,99.87274,2015-12-01
JPN,Japan,2016-01,Jan-2016,Units,2015_100,2015=100,99.46552,2016-01-01
JPN,Japan,2016-02,Feb-2016,Units,2015_100,2015=100,99.56732,2016-02-01
JPN,Japan,2016-03,Mar-2016,Units,2015_100,2015=100,99.66913,2016-03-01
JPN,Japan,2016-04,Apr-2016,Units,2015_100,2015=100,99.87274,2016-04-01
JPN,Japan,2016-05,May-2016,Units,2015_100,2015=100,99.97455,2016-05-01
JPN,Japan,2016-06,Jun-2016,Units,2015_100,2015=100,99.87274,2016-06-01
JPN,Japan,2016-07,Jul-2016,Units,2015_100,2015=100,99.66913,2016-07-01
JPN,Japan,2016-08,Aug-2016,Units,2015_100,2015=100,99.66913,2016-08-01
JPN,Japan,2016-09,Sep-2016,Units,2015_100,2015=100,99.77094,2016-09-01
JPN,Japan,2016-10,Oct-2016,Units,2015_100,2015=100,100.3818,2016-10-01
JPN,Japan,2016-11,Nov-2016,Units,2015_100,2015=100,100.3818,2016-11-01
JPN,Japan,2016-12,Dec-2016,Units,2015_100,2015=100,100.1782,2016-12-01
JPN,Japan,2017-01,Jan-2017,Units,2015_100,2015=100,99.97455,2017-01-01
JPN,Japan,2017-02,Feb-2017,Units,2015_100,2015=100,99.87274,2017-02-01
JPN,Japan,2017-03,Mar-2017,Units,2015_100,2015=100,99.87274,2017-03-01
JPN,Japan,2017-04,Apr-2017,Units,2015_100,2015=100,100.28,2017-04-01
JPN,Japan,2017-05,May-2017,Units,2015_100,2015=100,100.3818,2017-05-01
JPN,Japan,2017-06,Jun-2017,Units,2015_100,2015=100,100.28,2017-06-01
JPN,Japan,2017-07,Jul-2017,Units,2015_100,2015=100,100.0764,2017-07-01
JPN,Japan,2017-08,Aug-2017,Units,2015_100,2015=100,100.28,2017-08-01
JPN,Japan,2017-09,Sep-2017,Units,2015_100,2015=100,100.5854,2017-09-01
JPN,Japan,2017-10,Oct-2017,Units,2015_100,2015=100,100.5854,2017-10-01
JPN,Japan,2017-11,Nov-2017,Units,2015_100,2015=100,100.8908,2017-11-01
JPN,Japan,2017-12,Dec-2017,Units,2015_100,2015=100,101.1962,2017-12-01
JPN,Japan,2018-01,Jan-2018,Units,2015_100,2015=100,101.298,2018-01-01
JPN,Japan,2018-02,Feb-2018,Units,2015_100,2015=100,101.298,2018-02-01
JPN,Japan,2018-03,Mar-2018,Units,2015_100,2015=100,100.9926,2018-03-01
JPN,Japan,2018-04,Apr-2018,Units,2015_100,2015=100,100.8908,2018-04-01
JPN,Japan,2018-05,May-2018,Units,2015_100,2015=100,101.0944,2018-05-01
JPN,Japan,2018-06,Jun-2018,Units,2015_100,2015=100,100.9926,2018-06-01
JPN,Japan,2018-07,Jul-2018,Units,2015_100,2015=100,100.9926,2018-07-01
JPN,Japan,2018-08,Aug-2018,Units,2015_100,2015=100,101.6035,2018-08-01
JPN,Japan,2018-09,Sep-2018,Units,2015_100,2015=100,101.7053,2018-09-01
JPN,Japan,2018-10,Oct-2018,Units,2015_100,2015=100,102.0107,2018-10-01
JPN,Japan,2018-11,Nov-2018,Units,2015_100,2015=100,101.8071,2018-11-01
JPN,Japan,2018-12,Dec-2018,Units,2015_100,2015=100,101.5017,2018-12-01
JPN,Japan,2019-01,Jan-2019,Units,2015_100,2015=100,101.5017,2019-01-01
JPN,Japan,2019-02,Feb-2019,Units,2015_100,2015=100,101.5017,2019-02-01
JPN,Japan,2019-03,Mar-2019,Units,2015_100,2015=100,101.5017,2019-03-01
JPN,Japan,2019-04,Apr-2019,Units,2015_100,2015=100,101.8071,2019-04-01
JPN,Japan,2019-05,May-2019,Units,2015_100,2015=100,101.8071,2019-05-01
JPN,Japan,2019-06,Jun-2019,Units,2015_100,2015=100,101.6035,2019-06-01
JPN,Japan,2019-07,Jul-2019,Units,2015_100,2015=100,101.6035,2019-07-01
JPN,Japan,2019-08,Aug-2019,Units,2015_100,2015=100,101.8071,2019-08-01
JPN,Japan,2019-09,Sep-2019,Units,2015_100,2015=100,101.9089,2019-09-01
JPN,Japan,2019-10,Oct-2019,Units,2015_100,2015=100,102.2143,2019-10-01
JPN,Japan,2019-11,Nov-2019,Units,2015_100,2015=100,102.3161,2019-11-01
JPN,Japan,2019-12,Dec-2019,Units,2015_100,2015=100,102.3161,2019-12-01
JPN,Japan,2020-01,Jan-2020,Units,2015_100,2015=100,102.3161,2020-01-01
JPN,Japan,2020-02,Feb-2020,Units,2015_100,2015=100,102.1125,2020-02-01
JPN,Japan,2020-03,Mar-2020,Units,2015_100,2015=100,102.1125,2020-03-01
JPN,Japan,2020-04,Apr-2020,Units,2015_100,2015=100,102.0107,2020-04-01
JPN,Japan,2020-05,May-2020,Units,2015_100,2015=100,101.9089,2020-05-01
JPN,Japan,2020-06,Jun-2020,Units,2015_100,2015=100,101.7053,2020-06-01
JPN,Japan,2020-07,Jul-2020,Units,2015_100,2015=100,101.8071,2020-07-01
JPN,Japan,2020-08,Aug-2020,Units,2015_100,2015=100,101.9089,2020-08-01
JPN,Japan,2020-09,Sep-2020,Units,2015_100,2015=100,101.7053,2020-09-01
JPN,Japan,2020-10,Oct-2020,Units,2015_100,2015=100,101.6035,2020-10-01
JPN,Japan,2020-11,Nov-2020,Units,2015_100,2015=100,101.298,2020-11-01
JPN,Japan,2020-12,Dec-2020,Units,2015_100,2015=100,101.0944,2020-12-01
JPN,Japan,2021-01,Jan-2021,Units,2015_100,2015=100,101.6035,2021-01-01
JPN,Japan,2021-02,Feb-2021,Units,2015_100,2015=100,101.6035,2021-02-01
JPN,Japan,2021-03,Mar-2021,Units,2015_100,2015=100,101.7053,2021-03-01
JPN,Japan,2021-04,Apr-2021,Units,2015_100,2015=100,100.8908,2021-04-01
JPN,Japan,2021-05,May-2021,Units,2015_100,2015=100,101.1962,2021-05-01
JPN,Japan,2021-06,Jun-2021,Units,2015_100,2015=100,101.298,2021-06-01
ISR,Israel,2015-01,Jan-2015,Units,2015_100,2015=100,99.79839,2015-01-01
ISR,Israel,2015-02,Feb-2015,Units,2015_100,2015=100,99.09274,2015-02-01
ISR,Israel,2015-03,Mar-2015,Units,2015_100,2015=100,99.39516,2015-03-01
ISR,Israel,2015-04,Apr-2015,Units,2015_100,2015=100,100,2015-04-01
ISR,Israel,2015-05,May-2015,Units,2015_100,2015=100,100.2016,2015-05-01
ISR,Israel,2015-06,Jun-2015,Units,2015_100,2015=100,100.504,2015-06-01
ISR,Israel,2015-07,Jul-2015,Units,2015_100,2015=100,100.7056,2015-07-01
ISR,Israel,2015-08,Aug-2015,Units,2015_100,2015=100,100.504,2015-08-01
ISR,Israel,2015-09,Sep-2015,Units,2015_100,2015=100,100.1008,2015-09-01
ISR,Israel,2015-10,Oct-2015,Units,2015_100,2015=100,100.2016,2015-10-01
ISR,Israel,2015-11,Nov-2015,Units,2015_100,2015=100,99.79839,2015-11-01
ISR,Israel,2015-12,Dec-2015,Units,2015_100,2015=100,99.69758,2015-12-01
ISR,Israel,2016-01,Jan-2016,Units,2015_100,2015=100,99.19355,2016-01-01
ISR,Israel,2016-02,Feb-2016,Units,2015_100,2015=100,98.89113,2016-02-01
ISR,Israel,2016-03,Mar-2016,Units,2015_100,2015=100,98.68951,2016-03-01
ISR,Israel,2016-04,Apr-2016,Units,2015_100,2015=100,99.09274,2016-04-01
ISR,Israel,2016-05,May-2016,Units,2015_100,2015=100,99.39516,2016-05-01
ISR,Israel,2016-06,Jun-2016,Units,2015_100,2015=100,99.69758,2016-06-01
ISR,Israel,2016-07,Jul-2016,Units,2015_100,2015=100,100.1008,2016-07-01
ISR,Israel,2016-08,Aug-2016,Units,2015_100,2015=100,99.79839,2016-08-01
ISR,Israel,2016-09,Sep-2016,Units,2015_100,2015=100,99.69758,2016-09-01
ISR,Israel,2016-10,Oct-2016,Units,2015_100,2015=100,99.89919,2016-10-01
ISR,Israel,2016-11,Nov-2016,Units,2015_100,2015=100,99.49596,2016-11-01
ISR,Israel,2016-12,Dec-2016,Units,2015_100,2015=100,99.49596,2016-12-01
ISR,Israel,2017-01,Jan-2017,Units,2015_100,2015=100,99.29436,2017-01-01
ISR,Israel,2017-02,Feb-2017,Units,2015_100,2015=100,99.29436,2017-02-01
ISR,Israel,2017-03,Mar-2017,Units,2015_100,2015=100,99.59677,2017-03-01
ISR,Israel,2017-04,Apr-2017,Units,2015_100,2015=100,99.79839,2017-04-01
ISR,Israel,2017-05,May-2017,Units,2015_100,2015=100,100.2016,2017-05-01
ISR,Israel,2017-06,Jun-2017,Units,2015_100,2015=100,99.49596,2017-06-01
ISR,Israel,2017-07,Jul-2017,Units,2015_100,2015=100,99.39516,2017-07-01
ISR,Israel,2017-08,Aug-2017,Units,2015_100,2015=100,99.69758,2017-08-01
ISR,Israel,2017-09,Sep-2017,Units,2015_100,2015=100,99.79839,2017-09-01
ISR,Israel,2017-10,Oct-2017,Units,2015_100,2015=100,100.1008,2017-10-01
ISR,Israel,2017-11,Nov-2017,Units,2015_100,2015=100,99.79839,2017-11-01
ISR,Israel,2017-12,Dec-2017,Units,2015_100,2015=100,99.89919,2017-12-01
ISR,Israel,2018-01,Jan-2018,Units,2015_100,2015=100,99.39516,2018-01-01
ISR,Israel,2018-02,Feb-2018,Units,2015_100,2015=100,99.49596,2018-02-01
ISR,Israel,2018-03,Mar-2018,Units,2015_100,2015=100,99.79839,2018-03-01
ISR,Israel,2018-04,Apr-2018,Units,2015_100,2015=100,100.2016,2018-04-01
ISR,Israel,2018-05,May-2018,Units,2015_100,2015=100,100.7056,2018-05-01
ISR,Israel,2018-06,Jun-2018,Units,2015_100,2015=100,100.8064,2018-06-01
ISR,Israel,2018-07,Jul-2018,Units,2015_100,2015=100,100.8064,2018-07-01
ISR,Israel,2018-08,Aug-2018,Units,2015_100,2015=100,100.9073,2018-08-01
ISR,Israel,2018-09,Sep-2018,Units,2015_100,2015=100,101.0081,2018-09-01
ISR,Israel,2018-10,Oct-2018,Units,2015_100,2015=100,101.3105,2018-10-01
ISR,Israel,2018-11,Nov-2018,Units,2015_100,2015=100,101.0081,2018-11-01
ISR,Israel,2018-12,Dec-2018,Units,2015_100,2015=100,100.7056,2018-12-01
ISR,Israel,2019-01,Jan-2019,Units,2015_100,2015=100,100.6048,2019-01-01
ISR,Israel,2019-02,Feb-2019,Units,2015_100,2015=100,100.7056,2019-02-01
ISR,Israel,2019-03,Mar-2019,Units,2015_100,2015=100,101.2097,2019-03-01
ISR,Israel,2019-04,Apr-2019,Units,2015_100,2015=100,101.5121,2019-04-01
ISR,Israel,2019-05,May-2019,Units,2015_100,2015=100,102.2177,2019-05-01
ISR,Israel,2019-06,Jun-2019,Units,2015_100,2015=100,101.6129,2019-06-01
ISR,Israel,2019-07,Jul-2019,Units,2015_100,2015=100,101.3105,2019-07-01
ISR,Israel,2019-08,Aug-2019,Units,2015_100,2015=100,101.5121,2019-08-01
ISR,Israel,2019-09,Sep-2019,Units,2015_100,2015=100,101.3105,2019-09-01
ISR,Israel,2019-10,Oct-2019,Units,2015_100,2015=100,101.7137,2019-10-01
ISR,Israel,2019-11,Nov-2019,Units,2015_100,2015=100,101.3105,2019-11-01
ISR,Israel,2019-12,Dec-2019,Units,2015_100,2015=100,101.3105,2019-12-01
ISR,Israel,2020-01,Jan-2020,Units,2015_100,2015=100,100.9073,2020-01-01
ISR,Israel,2020-02,Feb-2020,Units,2015_100,2015=100,100.8064,2020-02-01
ISR,Israel,2020-03,Mar-2020,Units,2015_100,2015=100,101.2097,2020-03-01
ISR,Israel,2020-04,Apr-2020,Units,2015_100,2015=100,100.9073,2020-04-01
ISR,Israel,2020-05,May-2020,Units,2015_100,2015=100,100.6048,2020-05-01
ISR,Israel,2020-06,Jun-2020,Units,2015_100,2015=100,100.504,2020-06-01
ISR,Israel,2020-07,Jul-2020,Units,2015_100,2015=100,100.7056,2020-07-01
ISR,Israel,2020-08,Aug-2020,Units,2015_100,2015=100,100.7056,2020-08-01
ISR,Israel,2020-09,Sep-2020,Units,2015_100,2015=100,100.6048,2020-09-01
ISR,Israel,2020-10,Oct-2020,Units,2015_100,2015=100,100.9073,2020-10-01
ISR,Israel,2020-11,Nov-2020,Units,2015_100,2015=100,100.7056,2020-11-01
ISR,Israel,2020-12,Dec-2020,Units,2015_100,2015=100,100.6048,2020-12-01
ISR,Israel,2021-01,Jan-2021,Units,2015_100,2015=100,100.504,2021-01-01
ISR,Israel,2021-02,Feb-2021,Units,2015_100,2015=100,100.8064,2021-02-01
ISR,Israel,2021-03,Mar-2021,Units,2015_100,2015=100,101.4113,2021-03-01
ISR,Israel,2021-04,Apr-2021,Units,2015_100,2015=100,101.7137,2021-04-01
ISR,Israel,2021-05,May-2021,Units,2015_100,2015=100,102.1169,2021-05-01
ISR,Israel,2021-06,Jun-2021,Units,2015_100,2015=100,102.2177,2021-06-01
ISR,Israel,2021-07,Jul-2021,Units,2015_100,2015=100,102.621,2021-07-01
ISR,Israel,2021-08,Aug-2021,Units,2015_100,2015=100,102.9234,2021-08-01
ISR,Israel,2021-09,Sep-2021,Units,2015_100,2015=100,103.125,2021-09-01
ISR,Israel,2021-10,Oct-2021,Units,2015_100,2015=100,103.2258,2021-10-01
ISR,Israel,2021-11,Nov-2021,Units,2015_100,2015=100,103.125,2021-11-01
ISR,Israel,2021-12,Dec-2021,Units,2015_100,2015=100,103.4274,2021-12-01
ISR,Israel,2022-01,Jan-2022,Units,2015_100,2015=100,103.629,2022-01-01
ISR,Israel,2022-02,Feb-2022,Units,2015_100,2015=100,104.3347,2022-02-01
ISR,Israel,2022-03,Mar-2022,Units,2015_100,2015=100,104.9395,2022-03-01
ISR,Israel,2022-04,Apr-2022,Units,2015_100,2015=100,105.746,2022-04-01
ISR,Israel,2022-05,May-2022,Units,2015_100,2015=100,106.3508,2022-05-01
ISR,Israel,2022-06,Jun-2022,Units,2015_100,2015=100,106.754,2022-06-01
ISR,Israel,2022-07,Jul-2022,Units,2015_100,2015=100,107.9637,2022-07-01
ISR,Israel,2022-08,Aug-2022,Units,2015_100,2015=100,107.6613,2022-08-01
ISR,Israel,2022-09,Sep-2022,Units,2015_100,2015=100,107.8629,2022-09-01
ISR,Israel,2022-10,Oct-2022,Units,2015_100,2015=100,108.4677,2022-10-01
ISR,Israel,2022-11,Nov-2022,Units,2015_100,2015=100,108.5686,2022-11-01
GBR,United Kingdom,2015-01,Jan-2015,Units,2015_100,2015=100,99.2,2015-01-01
GBR,United Kingdom,2015-02,Feb-2015,Units,2015_100,2015=100,99.5,2015-02-01
GBR,United Kingdom,2015-03,Mar-2015,Units,2015_100,2015=100,99.6,2015-03-01
GBR,United Kingdom,2015-04,Apr-2015,Units,2015_100,2015=100,99.9,2015-04-01
GBR,United Kingdom,2015-05,May-2015,Units,2015_100,2015=100,100.1,2015-05-01
GBR,United Kingdom,2015-06,Jun-2015,Units,2015_100,2015=100,100.1,2015-06-01
GBR,United Kingdom,2015-07,Jul-2015,Units,2015_100,2015=100,100,2015-07-01
GBR,United Kingdom,2015-08,Aug-2015,Units,2015_100,2015=100,100.3,2015-08-01
GBR,United Kingdom,2015-09,Sep-2015,Units,2015_100,2015=100,100.2,2015-09-01
GBR,United Kingdom,2015-10,Oct-2015,Units,2015_100,2015=100,100.3,2015-10-01
GBR,United Kingdom,2015-11,Nov-2015,Units,2015_100,2015=100,100.3,2015-11-01
GBR,United Kingdom,2015-12,Dec-2015,Units,2015_100,2015=100,100.4,2015-12-01
GBR,United Kingdom,2016-01,Jan-2016,Units,2015_100,2015=100,99.9,2016-01-01
GBR,United Kingdom,2016-02,Feb-2016,Units,2015_100,2015=100,100.1,2016-02-01
GBR,United Kingdom,2016-03,Mar-2016,Units,2015_100,2015=100,100.4,2016-03-01
GBR,United Kingdom,2016-04,Apr-2016,Units,2015_100,2015=100,100.6,2016-04-01
GBR,United Kingdom,2016-05,May-2016,Units,2015_100,2015=100,100.8,2016-05-01
GBR,United Kingdom,2016-06,Jun-2016,Units,2015_100,2015=100,101,2016-06-01
GBR,United Kingdom,2016-07,Jul-2016,Units,2015_100,2015=100,100.9,2016-07-01
GBR,United Kingdom,2016-08,Aug-2016,Units,2015_100,2015=100,101.2,2016-08-01
GBR,United Kingdom,2016-09,Sep-2016,Units,2015_100,2015=100,101.5,2016-09-01
GBR,United Kingdom,2016-10,Oct-2016,Units,2015_100,2015=100,101.6,2016-10-01
GBR,United Kingdom,2016-11,Nov-2016,Units,2015_100,2015=100,101.8,2016-11-01
GBR,United Kingdom,2016-12,Dec-2016,Units,2015_100,2015=100,102.2,2016-12-01
GBR,United Kingdom,2017-01,Jan-2017,Units,2015_100,2015=100,101.8,2017-01-01
GBR,United Kingdom,2017-02,Feb-2017,Units,2015_100,2015=100,102.4,2017-02-01
GBR,United Kingdom,2017-03,Mar-2017,Units,2015_100,2015=100,102.7,2017-03-01
GBR,United Kingdom,2017-04,Apr-2017,Units,2015_100,2015=100,103.2,2017-04-01
GBR,United Kingdom,2017-05,May-2017,Units,2015_100,2015=100,103.5,2017-05-01
GBR,United Kingdom,2017-06,Jun-2017,Units,2015_100,2015=100,103.5,2017-06-01
GBR,United Kingdom,2017-07,Jul-2017,Units,2015_100,2015=100,103.5,2017-07-01
GBR,United Kingdom,2017-08,Aug-2017,Units,2015_100,2015=100,104,2017-08-01
GBR,United Kingdom,2017-09,Sep-2017,Units,2015_100,2015=100,104.3,2017-09-01
GBR,United Kingdom,2017-10,Oct-2017,Units,2015_100,2015=100,104.4,2017-10-01
GBR,United Kingdom,2017-11,Nov-2017,Units,2015_100,2015=100,104.7,2017-11-01
GBR,United Kingdom,2017-12,Dec-2017,Units,2015_100,2015=100,105,2017-12-01
GBR,United Kingdom,2018-01,Jan-2018,Units,2015_100,2015=100,104.5,2018-01-01
GBR,United Kingdom,2018-02,Feb-2018,Units,2015_100,2015=100,104.9,2018-02-01
GBR,United Kingdom,2018-03,Mar-2018,Units,2015_100,2015=100,105.1,2018-03-01
GBR,United Kingdom,2018-04,Apr-2018,Units,2015_100,2015=100,105.5,2018-04-01
GBR,United Kingdom,2018-05,May-2018,Units,2015_100,2015=100,105.9,2018-05-01
GBR,United Kingdom,2018-06,Jun-2018,Units,2015_100,2015=100,105.9,2018-06-01
GBR,United Kingdom,2018-07,Jul-2018,Units,2015_100,2015=100,105.9,2018-07-01
GBR,United Kingdom,2018-08,Aug-2018,Units,2015_100,2015=100,106.5,2018-08-01
GBR,United Kingdom,2018-09,Sep-2018,Units,2015_100,2015=100,106.6,2018-09-01
GBR,United Kingdom,2018-10,Oct-2018,Units,2015_100,2015=100,106.7,2018-10-01
GBR,United Kingdom,2018-11,Nov-2018,Units,2015_100,2015=100,106.9,2018-11-01
GBR,United Kingdom,2018-12,Dec-2018,Units,2015_100,2015=100,107.1,2018-12-01
GBR,United Kingdom,2019-01,Jan-2019,Units,2015_100,2015=100,106.4,2019-01-01
GBR,United Kingdom,2019-02,Feb-2019,Units,2015_100,2015=100,106.8,2019-02-01
GBR,United Kingdom,2019-03,Mar-2019,Units,2015_100,2015=100,107,2019-03-01
GBR,United Kingdom,2019-04,Apr-2019,Units,2015_100,2015=100,107.6,2019-04-01
GBR,United Kingdom,2019-05,May-2019,Units,2015_100,2015=100,107.9,2019-05-01
GBR,United Kingdom,2019-06,Jun-2019,Units,2015_100,2015=100,107.9,2019-06-01
GBR,United Kingdom,2019-07,Jul-2019,Units,2015_100,2015=100,108,2019-07-01
GBR,United Kingdom,2019-08,Aug-2019,Units,2015_100,2015=100,108.3,2019-08-01
GBR,United Kingdom,2019-09,Sep-2019,Units,2015_100,2015=100,108.4,2019-09-01
GBR,United Kingdom,2019-10,Oct-2019,Units,2015_100,2015=100,108.3,2019-10-01
GBR,United Kingdom,2019-11,Nov-2019,Units,2015_100,2015=100,108.5,2019-11-01
GBR,United Kingdom,2019-12,Dec-2019,Units,2015_100,2015=100,108.5,2019-12-01
GBR,United Kingdom,2020-01,Jan-2020,Units,2015_100,2015=100,108.3,2020-01-01
GBR,United Kingdom,2020-02,Feb-2020,Units,2015_100,2015=100,108.6,2020-02-01
GBR,United Kingdom,2020-03,Mar-2020,Units,2015_100,2015=100,108.6,2020-03-01
GBR,United Kingdom,2020-04,Apr-2020,Units,2015_100,2015=100,108.6,2020-04-01
GBR,United Kingdom,2020-05,May-2020,Units,2015_100,2015=100,108.6,2020-05-01
GBR,United Kingdom,2020-06,Jun-2020,Units,2015_100,2015=100,108.8,2020-06-01
GBR,United Kingdom,2020-07,Jul-2020,Units,2015_100,2015=100,109.2,2020-07-01
GBR,United Kingdom,2020-08,Aug-2020,Units,2015_100,2015=100,108.8,2020-08-01
GBR,United Kingdom,2020-09,Sep-2020,Units,2015_100,2015=100,109.2,2020-09-01
GBR,United Kingdom,2020-10,Oct-2020,Units,2015_100,2015=100,109.2,2020-10-01
GBR,United Kingdom,2020-11,Nov-2020,Units,2015_100,2015=100,109.1,2020-11-01
GBR,United Kingdom,2020-12,Dec-2020,Units,2015_100,2015=100,109.4,2020-12-01
GBR,United Kingdom,2021-01,Jan-2021,Units,2015_100,2015=100,109.3,2021-01-01
GBR,United Kingdom,2021-02,Feb-2021,Units,2015_100,2015=100,109.4,2021-02-01
GBR,United Kingdom,2021-03,Mar-2021,Units,2015_100,2015=100,109.7,2021-03-01
GBR,United Kingdom,2021-04,Apr-2021,Units,2015_100,2015=100,110.4,2021-04-01
GBR,United Kingdom,2021-05,May-2021,Units,2015_100,2015=100,111,2021-05-01
GBR,United Kingdom,2021-06,Jun-2021,Units,2015_100,2015=100,111.4,2021-06-01
GBR,United Kingdom,2021-07,Jul-2021,Units,2015_100,2015=100,111.4,2021-07-01
GBR,United Kingdom,2021-08,Aug-2021,Units,2015_100,2015=100,112.1,2021-08-01
GBR,United Kingdom,2021-09,Sep-2021,Units,2015_100,2015=100,112.4,2021-09-01
GBR,United Kingdom,2021-10,Oct-2021,Units,2015_100,2015=100,113.4,2021-10-01
GBR,United Kingdom,2021-11,Nov-2021,Units,2015_100,2015=100,114.1,2021-11-01
GBR,United Kingdom,2021-12,Dec-2021,Units,2015_100,2015=100,114.7,2021-12-01
GBR,United Kingdom,2022-01,Jan-2022,Units,2015_100,2015=100,114.6,2022-01-01
GBR,United Kingdom,2022-02,Feb-2022,Units,2015_100,2015=100,115.4,2022-02-01
GBR,United Kingdom,2022-03,Mar-2022,Units,2015_100,2015=100,116.5,2022-03-01
GBR,United Kingdom,2022-04,Apr-2022,Units,2015_100,2015=100,119,2022-04-01
GBR,United Kingdom,2022-05,May-2022,Units,2015_100,2015=100,119.7,2022-05-01
GBR,United Kingdom,2022-06,Jun-2022,Units,2015_100,2015=100,120.5,2022-06-01
GBR,United Kingdom,2022-07,Jul-2022,Units,2015_100,2015=100,121.2,2022-07-01
GBR,United Kingdom,2022-08,Aug-2022,Units,2015_100,2015=100,121.8,2022-08-01
GBR,United Kingdom,2022-09,Sep-2022,Units,2015_100,2015=100,122.3,2022-09-01
GBR,United Kingdom,2022-10,Oct-2022,Units,2015_100,2015=100,124.3,2022-10-01
GBR,United Kingdom,2022-11,Nov-2022,Units,2015_100,2015=100,124.8,2022-11-01
KOR,Korea,2015-01,Jan-2015,Units,2015_100,2015=100,99.77028,2015-01-01
KOR,Korea,2015-02,Feb-2015,Units,2015_100,2015=100,99.71124,2015-02-01
KOR,Korea,2015-03,Mar-2015,Units,2015_100,2015=100,99.72073,2015-03-01
KOR,Korea,2015-04,Apr-2015,Units,2015_100,2015=100,99.7513,2015-04-01
KOR,Korea,2015-05,May-2015,Units,2015_100,2015=100,100.0307,2015-05-01
KOR,Korea,2015-06,Jun-2015,Units,2015_100,2015=100,100.0507,2015-06-01
KOR,Korea,2015-07,Jul-2015,Units,2015_100,2015=100,100.2309,2015-07-01
KOR,Korea,2015-08,Aug-2015,Units,2015_100,2015=100,100.3712,2015-08-01
KOR,Korea,2015-09,Sep-2015,Units,2015_100,2015=100,100.1108,2015-09-01
KOR,Korea,2015-10,Oct-2015,Units,2015_100,2015=100,100.1108,2015-10-01
KOR,Korea,2015-11,Nov-2015,Units,2015_100,2015=100,99.92103,2015-11-01
KOR,Korea,2015-12,Dec-2015,Units,2015_100,2015=100,100.2204,2015-12-01
KOR,Korea,2016-01,Jan-2016,Units,2015_100,2015=100,100.3912,2016-01-01
KOR,Korea,2016-02,Feb-2016,Units,2015_100,2015=100,100.8213,2016-02-01
KOR,Korea,2016-03,Mar-2016,Units,2015_100,2015=100,100.5609,2016-03-01
KOR,Korea,2016-04,Apr-2016,Units,2015_100,2015=100,100.7507,2016-04-01
KOR,Korea,2016-05,May-2016,Units,2015_100,2015=100,100.8107,2016-05-01
KOR,Korea,2016-06,Jun-2016,Units,2015_100,2015=100,100.7907,2016-06-01
KOR,Korea,2016-07,Jul-2016,Units,2015_100,2015=100,100.601,2016-07-01
KOR,Korea,2016-08,Aug-2016,Units,2015_100,2015=100,100.8603,2016-08-01
KOR,Korea,2016-09,Sep-2016,Units,2015_100,2015=100,101.4612,2016-09-01
KOR,Korea,2016-10,Oct-2016,Units,2015_100,2015=100,101.6003,2016-10-01
KOR,Korea,2016-11,Nov-2016,Units,2015_100,2015=100,101.4506,2016-11-01
KOR,Korea,2016-12,Dec-2016,Units,2015_100,2015=100,101.5613,2016-12-01
KOR,Korea,2017-01,Jan-2017,Units,2015_100,2015=100,102.6408,2017-01-01
KOR,Korea,2017-02,Feb-2017,Units,2015_100,2015=100,102.9212,2017-02-01
KOR,Korea,2017-03,Mar-2017,Units,2015_100,2015=100,102.8506,2017-03-01
KOR,Korea,2017-04,Apr-2017,Units,2015_100,2015=100,102.7209,2017-04-01
KOR,Korea,2017-05,May-2017,Units,2015_100,2015=100,102.8306,2017-05-01
KOR,Korea,2017-06,Jun-2017,Units,2015_100,2015=100,102.6113,2017-06-01
KOR,Korea,2017-07,Jul-2017,Units,2015_100,2015=100,102.781,2017-07-01
KOR,Korea,2017-08,Aug-2017,Units,2015_100,2015=100,103.3703,2017-08-01
KOR,Korea,2017-09,Sep-2017,Units,2015_100,2015=100,103.4905,2017-09-01
KOR,Korea,2017-10,Oct-2017,Units,2015_100,2015=100,103.3903,2017-10-01
KOR,Korea,2017-11,Nov-2017,Units,2015_100,2015=100,102.6208,2017-11-01
KOR,Korea,2017-12,Dec-2017,Units,2015_100,2015=100,102.9908,2017-12-01
KOR,Korea,2018-01,Jan-2018,Units,2015_100,2015=100,103.4209,2018-01-01
KOR,Korea,2018-02,Feb-2018,Units,2015_100,2015=100,104.2105,2018-02-01
KOR,Korea,2018-03,Mar-2018,Units,2015_100,2015=100,104.1008,2018-03-01
KOR,Korea,2018-04,Apr-2018,Units,2015_100,2015=100,104.2906,2018-04-01
KOR,Korea,2018-05,May-2018,Units,2015_100,2015=100,104.3412,2018-05-01
KOR,Korea,2018-06,Jun-2018,Units,2015_100,2015=100,104.1303,2018-06-01
KOR,Korea,2018-07,Jul-2018,Units,2015_100,2015=100,103.9311,2018-07-01
KOR,Korea,2018-08,Aug-2018,Units,2015_100,2015=100,104.8503,2018-08-01
KOR,Korea,2018-09,Sep-2018,Units,2015_100,2015=100,105.6505,2018-09-01
KOR,Korea,2018-10,Oct-2018,Units,2015_100,2015=100,105.4607,2018-10-01
KOR,Korea,2018-11,Nov-2018,Units,2015_100,2015=100,104.7112,2018-11-01
KOR,Korea,2018-12,Dec-2018,Units,2015_100,2015=100,104.3507,2018-12-01
KOR,Korea,2019-01,Jan-2019,Units,2015_100,2015=100,104.241,2019-01-01
KOR,Korea,2019-02,Feb-2019,Units,2015_100,2015=100,104.6912,2019-02-01
KOR,Korea,2019-03,Mar-2019,Units,2015_100,2015=100,104.4909,2019-03-01
KOR,Korea,2019-04,Apr-2019,Units,2015_100,2015=100,104.8704,2019-04-01
KOR,Korea,2019-05,May-2019,Units,2015_100,2015=100,105.0506,2019-05-01
KOR,Korea,2019-06,Jun-2019,Units,2015_100,2015=100,104.8809,2019-06-01
KOR,Korea,2019-07,Jul-2019,Units,2015_100,2015=100,104.5604,2019-07-01
KOR,Korea,2019-08,Aug-2019,Units,2015_100,2015=100,104.8113,2019-08-01
KOR,Korea,2019-09,Sep-2019,Units,2015_100,2015=100,105.2003,2019-09-01
KOR,Korea,2019-10,Oct-2019,Units,2015_100,2015=100,105.4607,2019-10-01
KOR,Korea,2019-11,Nov-2019,Units,2015_100,2015=100,104.8704,2019-11-01
KOR,Korea,2019-12,Dec-2019,Units,2015_100,2015=100,105.1213,2019-12-01
KOR,Korea,2020-01,Jan-2020,Units,2015_100,2015=100,105.5124,2020-01-01
KOR,Korea,2020-02,Feb-2020,Units,2015_100,2015=100,105.5862,2020-02-01
KOR,Korea,2020-03,Mar-2020,Units,2015_100,2015=100,105.3542,2020-03-01
KOR,Korea,2020-04,Apr-2020,Units,2015_100,2015=100,104.8904,2020-04-01
KOR,Korea,2020-05,May-2020,Units,2015_100,2015=100,104.8272,2020-05-01
KOR,Korea,2020-06,Jun-2020,Units,2015_100,2015=100,105.1118,2020-06-01
KOR,Korea,2020-07,Jul-2020,Units,2015_100,2015=100,105.0275,2020-07-01
KOR,Korea,2020-08,Aug-2020,Units,2015_100,2015=100,105.6178,2020-08-01
KOR,Korea,2020-09,Sep-2020,Units,2015_100,2015=100,106.1976,2020-09-01
KOR,Korea,2020-10,Oct-2020,Units,2015_100,2015=100,105.6072,2020-10-01
KOR,Korea,2020-11,Nov-2020,Units,2015_100,2015=100,105.5124,2020-11-01
KOR,Korea,2020-12,Dec-2020,Units,2015_100,2015=100,105.7654,2020-12-01
KOR,Korea,2021-01,Jan-2021,Units,2015_100,2015=100,106.5138,2021-01-01
KOR,Korea,2021-02,Feb-2021,Units,2015_100,2015=100,107.0831,2021-02-01
KOR,Korea,2021-03,Mar-2021,Units,2015_100,2015=100,107.3572,2021-03-01
KOR,Korea,2021-04,Apr-2021,Units,2015_100,2015=100,107.5048,2021-04-01
KOR,Korea,2021-05,May-2021,Units,2015_100,2015=100,107.5786,2021-05-01
KOR,Korea,2021-06,Jun-2021,Units,2015_100,2015=100,107.5786,2021-06-01
KOR,Korea,2021-07,Jul-2021,Units,2015_100,2015=100,107.7999,2021-07-01
KOR,Korea,2021-08,Aug-2021,Units,2015_100,2015=100,108.3165,2021-08-01
KOR,Korea,2021-09,Sep-2021,Units,2015_100,2015=100,108.7592,2021-09-01
KOR,Korea,2021-10,Oct-2021,Units,2015_100,2015=100,108.949,2021-10-01
KOR,Korea,2021-11,Nov-2021,Units,2015_100,2015=100,109.4971,2021-11-01
KOR,Korea,2021-12,Dec-2021,Units,2015_100,2015=100,109.6764,2021-12-01
KOR,Korea,2022-01,Jan-2022,Units,2015_100,2015=100,110.3616,2022-01-01
KOR,Korea,2022-02,Feb-2022,Units,2015_100,2015=100,111.0046,2022-02-01
KOR,Korea,2022-03,Mar-2022,Units,2015_100,2015=100,111.8058,2022-03-01
KOR,Korea,2022-04,Apr-2022,Units,2015_100,2015=100,112.6386,2022-04-01
KOR,Korea,2022-05,May-2022,Units,2015_100,2015=100,113.3871,2022-05-01
KOR,Korea,2022-06,Jun-2022,Units,2015_100,2015=100,114.0828,2022-06-01
KOR,Korea,2022-07,Jul-2022,Units,2015_100,2015=100,114.631,2022-07-01
KOR,Korea,2022-08,Aug-2022,Units,2015_100,2015=100,114.5045,2022-08-01
KOR,Korea,2022-09,Sep-2022,Units,2015_100,2015=100,114.8313,2022-09-01
KOR,Korea,2022-10,Oct-2022,Units,2015_100,2015=100,115.1264,2022-10-01
KOR,Korea,2022-11,Nov-2022,Units,2015_100,2015=100,115.0105,2022-11-01
